INSERT INTO `country` (`ID`, `CODE`, `NAME`) VALUES(1, 'ARG', ' Argentina');
INSERT INTO `country` (`ID`, `CODE`, `NAME`) VALUES(2, 'BEL', ' Belgium');
INSERT INTO `country` (`ID`, `CODE`, `NAME`) VALUES(3, 'BRA', ' Brazil');
INSERT INTO `country` (`ID`, `CODE`, `NAME`) VALUES(4, 'CHL', ' Chile');
INSERT INTO `country` (`ID`, `CODE`, `NAME`) VALUES(5, 'CIV', ' Ivory Coast');
INSERT INTO `country` (`ID`, `CODE`, `NAME`) VALUES(6, 'CMR', ' Cameroon');
INSERT INTO `country` (`ID`, `CODE`, `NAME`) VALUES(7, 'DEU', ' Germany');
INSERT INTO `country` (`ID`, `CODE`, `NAME`) VALUES(8, 'DZA', ' Algeria');
INSERT INTO `country` (`ID`, `CODE`, `NAME`) VALUES(9, 'ESP', ' Spain');
INSERT INTO `country` (`ID`, `CODE`, `NAME`) VALUES(10, 'FRA', ' France');
INSERT INTO `country` (`ID`, `CODE`, `NAME`) VALUES(11, 'ENG', ' England');
INSERT INTO `country` (`ID`, `CODE`, `NAME`) VALUES(12, 'HRV', ' Croatia');
INSERT INTO `country` (`ID`, `CODE`, `NAME`) VALUES(13, 'ITA', ' Italy');
INSERT INTO `country` (`ID`, `CODE`, `NAME`) VALUES(14, 'MAR', ' Morocco');
INSERT INTO `country` (`ID`, `CODE`, `NAME`) VALUES(15, 'MLI', ' Mali');
INSERT INTO `country` (`ID`, `CODE`, `NAME`) VALUES(16, 'NGA', ' Nigeria');
INSERT INTO `country` (`ID`, `CODE`, `NAME`) VALUES(17, 'NLD', ' Netherlands');
INSERT INTO `country` (`ID`, `CODE`, `NAME`) VALUES(18, 'POL', ' Poland');
INSERT INTO `country` (`ID`, `CODE`, `NAME`) VALUES(19, 'URY', ' Uruguay');
INSERT INTO `country` (`ID`, `CODE`, `NAME`) VALUES(20, 'PRT', ' Portugal');
INSERT INTO `country` (`ID`, `CODE`, `NAME`) VALUES(21, 'ROU', ' Romania');
INSERT INTO `country` (`ID`, `CODE`, `NAME`) VALUES(22, 'RUS', ' Russia');
INSERT INTO `country` (`ID`, `CODE`, `NAME`) VALUES(23, 'SEN', ' Senegal');
INSERT INTO `country` (`ID`, `CODE`, `NAME`) VALUES(24, 'WAL', ' Wales');


INSERT INTO `stadium` (`ID`, `CAPACITY`, `NAME`) VALUES(1, 50200, 'Stade Pierre Mauroy');
INSERT INTO `stadium` (`ID`, `CAPACITY`, `NAME`) VALUES(2, 45000, 'Parc des princes');
INSERT INTO `stadium` (`ID`, `CAPACITY`, `NAME`) VALUES(3, 66000, 'Orange Vlodrome');
INSERT INTO `stadium` (`ID`, `CAPACITY`, `NAME`) VALUES(4, 60000, 'Groupama stadium');
INSERT INTO `stadium` (`ID`, `CAPACITY`, `NAME`) VALUES(5, 90000, 'Camp Nou');
INSERT INTO `stadium` (`ID`, `CAPACITY`, `NAME`) VALUES(6, 82000, 'Santiago Bernabeu');
INSERT INTO `stadium` (`ID`, `CAPACITY`, `NAME`) VALUES(7, 67829, 'Wanda Metropolitano');
INSERT INTO `stadium` (`ID`, `CAPACITY`, `NAME`) VALUES(8, 70000, 'Old Trafford');
INSERT INTO `stadium` (`ID`, `CAPACITY`, `NAME`) VALUES(9, 40000, 'Stamford Bridge');
INSERT INTO `stadium` (`ID`, `CAPACITY`, `NAME`) VALUES(10, 65000, 'Emirates Stadium');
INSERT INTO `stadium` (`ID`, `CAPACITY`, `NAME`) VALUES(11, 45000, 'Anfield Road');
INSERT INTO `stadium` (`ID`, `CAPACITY`, `NAME`) VALUES(12, 40000, 'Etihad Stadium');
INSERT INTO `stadium` (`ID`, `CAPACITY`, `NAME`) VALUES(13, 70000, 'White Hart Lane');
INSERT INTO `stadium` (`ID`, `CAPACITY`, `NAME`) VALUES(14, 65000, 'Allianz Arena');
INSERT INTO `stadium` (`ID`, `CAPACITY`, `NAME`) VALUES(15, 80000, 'Westfalen Stadion');
INSERT INTO `stadium` (`ID`, `CAPACITY`, `NAME`) VALUES(16, 65000, 'Juventus Stadium');
INSERT INTO `stadium` (`ID`, `CAPACITY`, `NAME`) VALUES(17, 55000, 'San Paolo');
INSERT INTO `stadium` (`ID`, `CAPACITY`, `NAME`) VALUES(18, 72698, 'Stadio Olimpico');
INSERT INTO `stadium` (`ID`, `CAPACITY`, `NAME`) VALUES(19, 50033, 'Estdio do Drago');
INSERT INTO `stadium` (`ID`, `CAPACITY`, `NAME`) VALUES(20, 64642, 'Stade de Luz');


INSERT INTO `club` (`ID`, `NAME`, `FK_COUNTRY`, `FK_STADIUM`) VALUES(1, 'Lille OSC', 10, 1);
INSERT INTO `club` (`ID`, `NAME`, `FK_COUNTRY`, `FK_STADIUM`) VALUES(2, 'Paris SG', 10, 2);
INSERT INTO `club` (`ID`, `NAME`, `FK_COUNTRY`, `FK_STADIUM`) VALUES(3, 'Marseille', 10, 3);
INSERT INTO `club` (`ID`, `NAME`, `FK_COUNTRY`, `FK_STADIUM`) VALUES(4, 'Lyon', 10, 4);
INSERT INTO `club` (`ID`, `NAME`, `FK_COUNTRY`, `FK_STADIUM`) VALUES(5, 'Barcelona', 9, 5);
INSERT INTO `club` (`ID`, `NAME`, `FK_COUNTRY`, `FK_STADIUM`) VALUES(6, 'Real Madrid', 9, 6);
INSERT INTO `club` (`ID`, `NAME`, `FK_COUNTRY`, `FK_STADIUM`) VALUES(7, 'Atltico Madrid', 9, 7);
INSERT INTO `club` (`ID`, `NAME`, `FK_COUNTRY`, `FK_STADIUM`) VALUES(8, 'Manchester United', 11, 8);
INSERT INTO `club` (`ID`, `NAME`, `FK_COUNTRY`, `FK_STADIUM`) VALUES(9, 'Chelsea', 11, 9);
INSERT INTO `club` (`ID`, `NAME`, `FK_COUNTRY`, `FK_STADIUM`) VALUES(10, 'Arsenal', 11, 10);
INSERT INTO `club` (`ID`, `NAME`, `FK_COUNTRY`, `FK_STADIUM`) VALUES(11, 'Liverpool', 11, 11);
INSERT INTO `club` (`ID`, `NAME`, `FK_COUNTRY`, `FK_STADIUM`) VALUES(12, 'Manchester City', 11, 12);
INSERT INTO `club` (`ID`, `NAME`, `FK_COUNTRY`, `FK_STADIUM`) VALUES(13, 'Tottenham', 11, 13);
INSERT INTO `club` (`ID`, `NAME`, `FK_COUNTRY`, `FK_STADIUM`) VALUES(14, 'Bayern Munchen', 7, 14);
INSERT INTO `club` (`ID`, `NAME`, `FK_COUNTRY`, `FK_STADIUM`) VALUES(15, 'Borussia Dortmund', 7, 15);
INSERT INTO `club` (`ID`, `NAME`, `FK_COUNTRY`, `FK_STADIUM`) VALUES(16, 'Juventus', 13, 16);
INSERT INTO `club` (`ID`, `NAME`, `FK_COUNTRY`, `FK_STADIUM`) VALUES(17, 'Napoli', 13, 17);
INSERT INTO `club` (`ID`, `NAME`, `FK_COUNTRY`, `FK_STADIUM`) VALUES(18, 'Roma', 13, 18);
INSERT INTO `club` (`ID`, `NAME`, `FK_COUNTRY`, `FK_STADIUM`) VALUES(19, 'Porto', 20, 19);
INSERT INTO `club` (`ID`, `NAME`, `FK_COUNTRY`, `FK_STADIUM`) VALUES(20, 'Benfica', 20, 20);


INSERT INTO `matchs` (`ID`, `GOAL_AWAY`, `GOAL_HOME`, `FK_CLUB_AWAY`, `FK_CLUB_HOME`) VALUES(1, 3, 2, 2, 1);
INSERT INTO `matchs` (`ID`, `GOAL_AWAY`, `GOAL_HOME`, `FK_CLUB_AWAY`, `FK_CLUB_HOME`) VALUES(2, 5, 4, 3, 1);
INSERT INTO `matchs` (`ID`, `GOAL_AWAY`, `GOAL_HOME`, `FK_CLUB_AWAY`, `FK_CLUB_HOME`) VALUES(3, 5, 5, 4, 1);
INSERT INTO `matchs` (`ID`, `GOAL_AWAY`, `GOAL_HOME`, `FK_CLUB_AWAY`, `FK_CLUB_HOME`) VALUES(4, 2, 1, 5, 1);
INSERT INTO `matchs` (`ID`, `GOAL_AWAY`, `GOAL_HOME`, `FK_CLUB_AWAY`, `FK_CLUB_HOME`) VALUES(5, 3, 4, 6, 1);
INSERT INTO `matchs` (`ID`, `GOAL_AWAY`, `GOAL_HOME`, `FK_CLUB_AWAY`, `FK_CLUB_HOME`) VALUES(6, 0, 1, 7, 1);
INSERT INTO `matchs` (`ID`, `GOAL_AWAY`, `GOAL_HOME`, `FK_CLUB_AWAY`, `FK_CLUB_HOME`) VALUES(7, 5, 5, 8, 1);
INSERT INTO `matchs` (`ID`, `GOAL_AWAY`, `GOAL_HOME`, `FK_CLUB_AWAY`, `FK_CLUB_HOME`) VALUES(8, 1, 4, 9, 1);
INSERT INTO `matchs` (`ID`, `GOAL_AWAY`, `GOAL_HOME`, `FK_CLUB_AWAY`, `FK_CLUB_HOME`) VALUES(9, 0, 4, 10, 1);
INSERT INTO `matchs` (`ID`, `GOAL_AWAY`, `GOAL_HOME`, `FK_CLUB_AWAY`, `FK_CLUB_HOME`) VALUES(10, 3, 3, 11, 1);
INSERT INTO `matchs` (`ID`, `GOAL_AWAY`, `GOAL_HOME`, `FK_CLUB_AWAY`, `FK_CLUB_HOME`) VALUES(11, 0, 4, 12, 1);
INSERT INTO `matchs` (`ID`, `GOAL_AWAY`, `GOAL_HOME`, `FK_CLUB_AWAY`, `FK_CLUB_HOME`) VALUES(12, 4, 3, 13, 1);
INSERT INTO `matchs` (`ID`, `GOAL_AWAY`, `GOAL_HOME`, `FK_CLUB_AWAY`, `FK_CLUB_HOME`) VALUES(13, 3, 5, 14, 1);
INSERT INTO `matchs` (`ID`, `GOAL_AWAY`, `GOAL_HOME`, `FK_CLUB_AWAY`, `FK_CLUB_HOME`) VALUES(14, 4, 2, 15, 1);
INSERT INTO `matchs` (`ID`, `GOAL_AWAY`, `GOAL_HOME`, `FK_CLUB_AWAY`, `FK_CLUB_HOME`) VALUES(15, 5, 4, 16, 1);
INSERT INTO `matchs` (`ID`, `GOAL_AWAY`, `GOAL_HOME`, `FK_CLUB_AWAY`, `FK_CLUB_HOME`) VALUES(16, 1, 3, 17, 1);
INSERT INTO `matchs` (`ID`, `GOAL_AWAY`, `GOAL_HOME`, `FK_CLUB_AWAY`, `FK_CLUB_HOME`) VALUES(17, 4, 4, 18, 1);
INSERT INTO `matchs` (`ID`, `GOAL_AWAY`, `GOAL_HOME`, `FK_CLUB_AWAY`, `FK_CLUB_HOME`) VALUES(18, 5, 3, 19, 1);
INSERT INTO `matchs` (`ID`, `GOAL_AWAY`, `GOAL_HOME`, `FK_CLUB_AWAY`, `FK_CLUB_HOME`) VALUES(19, 3, 3, 20, 1);
INSERT INTO `matchs` (`ID`, `GOAL_AWAY`, `GOAL_HOME`, `FK_CLUB_AWAY`, `FK_CLUB_HOME`) VALUES(20, 1, 4, 1, 2);
INSERT INTO `matchs` (`ID`, `GOAL_AWAY`, `GOAL_HOME`, `FK_CLUB_AWAY`, `FK_CLUB_HOME`) VALUES(21, 0, 4, 3, 2);
INSERT INTO `matchs` (`ID`, `GOAL_AWAY`, `GOAL_HOME`, `FK_CLUB_AWAY`, `FK_CLUB_HOME`) VALUES(22, 1, 1, 4, 2);
INSERT INTO `matchs` (`ID`, `GOAL_AWAY`, `GOAL_HOME`, `FK_CLUB_AWAY`, `FK_CLUB_HOME`) VALUES(23, 0, 1, 5, 2);
INSERT INTO `matchs` (`ID`, `GOAL_AWAY`, `GOAL_HOME`, `FK_CLUB_AWAY`, `FK_CLUB_HOME`) VALUES(24, 3, 3, 6, 2);
INSERT INTO `matchs` (`ID`, `GOAL_AWAY`, `GOAL_HOME`, `FK_CLUB_AWAY`, `FK_CLUB_HOME`) VALUES(25, 0, 3, 7, 2);
INSERT INTO `matchs` (`ID`, `GOAL_AWAY`, `GOAL_HOME`, `FK_CLUB_AWAY`, `FK_CLUB_HOME`) VALUES(26, 4, 2, 8, 2);
INSERT INTO `matchs` (`ID`, `GOAL_AWAY`, `GOAL_HOME`, `FK_CLUB_AWAY`, `FK_CLUB_HOME`) VALUES(27, 3, 5, 9, 2);
INSERT INTO `matchs` (`ID`, `GOAL_AWAY`, `GOAL_HOME`, `FK_CLUB_AWAY`, `FK_CLUB_HOME`) VALUES(28, 5, 1, 10, 2);
INSERT INTO `matchs` (`ID`, `GOAL_AWAY`, `GOAL_HOME`, `FK_CLUB_AWAY`, `FK_CLUB_HOME`) VALUES(29, 3, 5, 11, 2);
INSERT INTO `matchs` (`ID`, `GOAL_AWAY`, `GOAL_HOME`, `FK_CLUB_AWAY`, `FK_CLUB_HOME`) VALUES(30, 0, 5, 12, 2);
INSERT INTO `matchs` (`ID`, `GOAL_AWAY`, `GOAL_HOME`, `FK_CLUB_AWAY`, `FK_CLUB_HOME`) VALUES(31, 0, 2, 13, 2);
INSERT INTO `matchs` (`ID`, `GOAL_AWAY`, `GOAL_HOME`, `FK_CLUB_AWAY`, `FK_CLUB_HOME`) VALUES(32, 2, 4, 14, 2);
INSERT INTO `matchs` (`ID`, `GOAL_AWAY`, `GOAL_HOME`, `FK_CLUB_AWAY`, `FK_CLUB_HOME`) VALUES(33, 0, 0, 15, 2);
INSERT INTO `matchs` (`ID`, `GOAL_AWAY`, `GOAL_HOME`, `FK_CLUB_AWAY`, `FK_CLUB_HOME`) VALUES(34, 5, 2, 16, 2);
INSERT INTO `matchs` (`ID`, `GOAL_AWAY`, `GOAL_HOME`, `FK_CLUB_AWAY`, `FK_CLUB_HOME`) VALUES(35, 5, 4, 17, 2);
INSERT INTO `matchs` (`ID`, `GOAL_AWAY`, `GOAL_HOME`, `FK_CLUB_AWAY`, `FK_CLUB_HOME`) VALUES(36, 0, 5, 18, 2);
INSERT INTO `matchs` (`ID`, `GOAL_AWAY`, `GOAL_HOME`, `FK_CLUB_AWAY`, `FK_CLUB_HOME`) VALUES(37, 1, 4, 19, 2);
INSERT INTO `matchs` (`ID`, `GOAL_AWAY`, `GOAL_HOME`, `FK_CLUB_AWAY`, `FK_CLUB_HOME`) VALUES(38, 5, 5, 20, 2);
INSERT INTO `matchs` (`ID`, `GOAL_AWAY`, `GOAL_HOME`, `FK_CLUB_AWAY`, `FK_CLUB_HOME`) VALUES(39, 5, 3, 1, 3);
INSERT INTO `matchs` (`ID`, `GOAL_AWAY`, `GOAL_HOME`, `FK_CLUB_AWAY`, `FK_CLUB_HOME`) VALUES(40, 2, 2, 2, 3);
INSERT INTO `matchs` (`ID`, `GOAL_AWAY`, `GOAL_HOME`, `FK_CLUB_AWAY`, `FK_CLUB_HOME`) VALUES(41, 2, 2, 4, 3);
INSERT INTO `matchs` (`ID`, `GOAL_AWAY`, `GOAL_HOME`, `FK_CLUB_AWAY`, `FK_CLUB_HOME`) VALUES(42, 3, 0, 5, 3);
INSERT INTO `matchs` (`ID`, `GOAL_AWAY`, `GOAL_HOME`, `FK_CLUB_AWAY`, `FK_CLUB_HOME`) VALUES(43, 0, 1, 6, 3);
INSERT INTO `matchs` (`ID`, `GOAL_AWAY`, `GOAL_HOME`, `FK_CLUB_AWAY`, `FK_CLUB_HOME`) VALUES(44, 2, 3, 7, 3);
INSERT INTO `matchs` (`ID`, `GOAL_AWAY`, `GOAL_HOME`, `FK_CLUB_AWAY`, `FK_CLUB_HOME`) VALUES(45, 5, 4, 8, 3);
INSERT INTO `matchs` (`ID`, `GOAL_AWAY`, `GOAL_HOME`, `FK_CLUB_AWAY`, `FK_CLUB_HOME`) VALUES(46, 3, 1, 9, 3);
INSERT INTO `matchs` (`ID`, `GOAL_AWAY`, `GOAL_HOME`, `FK_CLUB_AWAY`, `FK_CLUB_HOME`) VALUES(47, 4, 2, 10, 3);
INSERT INTO `matchs` (`ID`, `GOAL_AWAY`, `GOAL_HOME`, `FK_CLUB_AWAY`, `FK_CLUB_HOME`) VALUES(48, 0, 0, 11, 3);
INSERT INTO `matchs` (`ID`, `GOAL_AWAY`, `GOAL_HOME`, `FK_CLUB_AWAY`, `FK_CLUB_HOME`) VALUES(49, 5, 3, 12, 3);
INSERT INTO `matchs` (`ID`, `GOAL_AWAY`, `GOAL_HOME`, `FK_CLUB_AWAY`, `FK_CLUB_HOME`) VALUES(50, 0, 3, 13, 3);
INSERT INTO `matchs` (`ID`, `GOAL_AWAY`, `GOAL_HOME`, `FK_CLUB_AWAY`, `FK_CLUB_HOME`) VALUES(51, 4, 3, 14, 3);
INSERT INTO `matchs` (`ID`, `GOAL_AWAY`, `GOAL_HOME`, `FK_CLUB_AWAY`, `FK_CLUB_HOME`) VALUES(52, 0, 3, 15, 3);
INSERT INTO `matchs` (`ID`, `GOAL_AWAY`, `GOAL_HOME`, `FK_CLUB_AWAY`, `FK_CLUB_HOME`) VALUES(53, 2, 1, 16, 3);
INSERT INTO `matchs` (`ID`, `GOAL_AWAY`, `GOAL_HOME`, `FK_CLUB_AWAY`, `FK_CLUB_HOME`) VALUES(54, 4, 2, 17, 3);
INSERT INTO `matchs` (`ID`, `GOAL_AWAY`, `GOAL_HOME`, `FK_CLUB_AWAY`, `FK_CLUB_HOME`) VALUES(55, 0, 2, 18, 3);
INSERT INTO `matchs` (`ID`, `GOAL_AWAY`, `GOAL_HOME`, `FK_CLUB_AWAY`, `FK_CLUB_HOME`) VALUES(56, 0, 0, 19, 3);
INSERT INTO `matchs` (`ID`, `GOAL_AWAY`, `GOAL_HOME`, `FK_CLUB_AWAY`, `FK_CLUB_HOME`) VALUES(57, 5, 4, 20, 3);
INSERT INTO `matchs` (`ID`, `GOAL_AWAY`, `GOAL_HOME`, `FK_CLUB_AWAY`, `FK_CLUB_HOME`) VALUES(58, 2, 3, 1, 4);
INSERT INTO `matchs` (`ID`, `GOAL_AWAY`, `GOAL_HOME`, `FK_CLUB_AWAY`, `FK_CLUB_HOME`) VALUES(59, 5, 4, 2, 4);
INSERT INTO `matchs` (`ID`, `GOAL_AWAY`, `GOAL_HOME`, `FK_CLUB_AWAY`, `FK_CLUB_HOME`) VALUES(60, 4, 5, 3, 4);
INSERT INTO `matchs` (`ID`, `GOAL_AWAY`, `GOAL_HOME`, `FK_CLUB_AWAY`, `FK_CLUB_HOME`) VALUES(61, 3, 0, 5, 4);
INSERT INTO `matchs` (`ID`, `GOAL_AWAY`, `GOAL_HOME`, `FK_CLUB_AWAY`, `FK_CLUB_HOME`) VALUES(62, 2, 0, 6, 4);
INSERT INTO `matchs` (`ID`, `GOAL_AWAY`, `GOAL_HOME`, `FK_CLUB_AWAY`, `FK_CLUB_HOME`) VALUES(63, 4, 1, 7, 4);
INSERT INTO `matchs` (`ID`, `GOAL_AWAY`, `GOAL_HOME`, `FK_CLUB_AWAY`, `FK_CLUB_HOME`) VALUES(64, 1, 3, 8, 4);
INSERT INTO `matchs` (`ID`, `GOAL_AWAY`, `GOAL_HOME`, `FK_CLUB_AWAY`, `FK_CLUB_HOME`) VALUES(65, 1, 5, 9, 4);
INSERT INTO `matchs` (`ID`, `GOAL_AWAY`, `GOAL_HOME`, `FK_CLUB_AWAY`, `FK_CLUB_HOME`) VALUES(66, 5, 1, 10, 4);
INSERT INTO `matchs` (`ID`, `GOAL_AWAY`, `GOAL_HOME`, `FK_CLUB_AWAY`, `FK_CLUB_HOME`) VALUES(67, 5, 2, 11, 4);
INSERT INTO `matchs` (`ID`, `GOAL_AWAY`, `GOAL_HOME`, `FK_CLUB_AWAY`, `FK_CLUB_HOME`) VALUES(68, 1, 5, 12, 4);
INSERT INTO `matchs` (`ID`, `GOAL_AWAY`, `GOAL_HOME`, `FK_CLUB_AWAY`, `FK_CLUB_HOME`) VALUES(69, 1, 2, 13, 4);
INSERT INTO `matchs` (`ID`, `GOAL_AWAY`, `GOAL_HOME`, `FK_CLUB_AWAY`, `FK_CLUB_HOME`) VALUES(70, 1, 1, 14, 4);
INSERT INTO `matchs` (`ID`, `GOAL_AWAY`, `GOAL_HOME`, `FK_CLUB_AWAY`, `FK_CLUB_HOME`) VALUES(71, 2, 2, 15, 4);
INSERT INTO `matchs` (`ID`, `GOAL_AWAY`, `GOAL_HOME`, `FK_CLUB_AWAY`, `FK_CLUB_HOME`) VALUES(72, 5, 5, 16, 4);
INSERT INTO `matchs` (`ID`, `GOAL_AWAY`, `GOAL_HOME`, `FK_CLUB_AWAY`, `FK_CLUB_HOME`) VALUES(73, 3, 2, 17, 4);
INSERT INTO `matchs` (`ID`, `GOAL_AWAY`, `GOAL_HOME`, `FK_CLUB_AWAY`, `FK_CLUB_HOME`) VALUES(74, 2, 2, 18, 4);
INSERT INTO `matchs` (`ID`, `GOAL_AWAY`, `GOAL_HOME`, `FK_CLUB_AWAY`, `FK_CLUB_HOME`) VALUES(75, 3, 4, 19, 4);
INSERT INTO `matchs` (`ID`, `GOAL_AWAY`, `GOAL_HOME`, `FK_CLUB_AWAY`, `FK_CLUB_HOME`) VALUES(76, 2, 4, 20, 4);
INSERT INTO `matchs` (`ID`, `GOAL_AWAY`, `GOAL_HOME`, `FK_CLUB_AWAY`, `FK_CLUB_HOME`) VALUES(77, 1, 0, 1, 5);
INSERT INTO `matchs` (`ID`, `GOAL_AWAY`, `GOAL_HOME`, `FK_CLUB_AWAY`, `FK_CLUB_HOME`) VALUES(78, 1, 1, 2, 5);
INSERT INTO `matchs` (`ID`, `GOAL_AWAY`, `GOAL_HOME`, `FK_CLUB_AWAY`, `FK_CLUB_HOME`) VALUES(79, 3, 5, 3, 5);
INSERT INTO `matchs` (`ID`, `GOAL_AWAY`, `GOAL_HOME`, `FK_CLUB_AWAY`, `FK_CLUB_HOME`) VALUES(80, 5, 3, 4, 5);
INSERT INTO `matchs` (`ID`, `GOAL_AWAY`, `GOAL_HOME`, `FK_CLUB_AWAY`, `FK_CLUB_HOME`) VALUES(81, 3, 1, 6, 5);
INSERT INTO `matchs` (`ID`, `GOAL_AWAY`, `GOAL_HOME`, `FK_CLUB_AWAY`, `FK_CLUB_HOME`) VALUES(82, 3, 0, 7, 5);
INSERT INTO `matchs` (`ID`, `GOAL_AWAY`, `GOAL_HOME`, `FK_CLUB_AWAY`, `FK_CLUB_HOME`) VALUES(83, 4, 4, 8, 5);
INSERT INTO `matchs` (`ID`, `GOAL_AWAY`, `GOAL_HOME`, `FK_CLUB_AWAY`, `FK_CLUB_HOME`) VALUES(84, 4, 1, 9, 5);
INSERT INTO `matchs` (`ID`, `GOAL_AWAY`, `GOAL_HOME`, `FK_CLUB_AWAY`, `FK_CLUB_HOME`) VALUES(85, 1, 4, 10, 5);
INSERT INTO `matchs` (`ID`, `GOAL_AWAY`, `GOAL_HOME`, `FK_CLUB_AWAY`, `FK_CLUB_HOME`) VALUES(86, 0, 0, 11, 5);
INSERT INTO `matchs` (`ID`, `GOAL_AWAY`, `GOAL_HOME`, `FK_CLUB_AWAY`, `FK_CLUB_HOME`) VALUES(87, 5, 0, 12, 5);
INSERT INTO `matchs` (`ID`, `GOAL_AWAY`, `GOAL_HOME`, `FK_CLUB_AWAY`, `FK_CLUB_HOME`) VALUES(88, 5, 5, 13, 5);
INSERT INTO `matchs` (`ID`, `GOAL_AWAY`, `GOAL_HOME`, `FK_CLUB_AWAY`, `FK_CLUB_HOME`) VALUES(89, 1, 3, 14, 5);
INSERT INTO `matchs` (`ID`, `GOAL_AWAY`, `GOAL_HOME`, `FK_CLUB_AWAY`, `FK_CLUB_HOME`) VALUES(90, 3, 5, 15, 5);
INSERT INTO `matchs` (`ID`, `GOAL_AWAY`, `GOAL_HOME`, `FK_CLUB_AWAY`, `FK_CLUB_HOME`) VALUES(91, 1, 0, 16, 5);
INSERT INTO `matchs` (`ID`, `GOAL_AWAY`, `GOAL_HOME`, `FK_CLUB_AWAY`, `FK_CLUB_HOME`) VALUES(92, 4, 5, 17, 5);
INSERT INTO `matchs` (`ID`, `GOAL_AWAY`, `GOAL_HOME`, `FK_CLUB_AWAY`, `FK_CLUB_HOME`) VALUES(93, 5, 0, 18, 5);
INSERT INTO `matchs` (`ID`, `GOAL_AWAY`, `GOAL_HOME`, `FK_CLUB_AWAY`, `FK_CLUB_HOME`) VALUES(94, 2, 1, 19, 5);
INSERT INTO `matchs` (`ID`, `GOAL_AWAY`, `GOAL_HOME`, `FK_CLUB_AWAY`, `FK_CLUB_HOME`) VALUES(95, 0, 3, 20, 5);
INSERT INTO `matchs` (`ID`, `GOAL_AWAY`, `GOAL_HOME`, `FK_CLUB_AWAY`, `FK_CLUB_HOME`) VALUES(96, 1, 1, 1, 6);
INSERT INTO `matchs` (`ID`, `GOAL_AWAY`, `GOAL_HOME`, `FK_CLUB_AWAY`, `FK_CLUB_HOME`) VALUES(97, 1, 3, 2, 6);
INSERT INTO `matchs` (`ID`, `GOAL_AWAY`, `GOAL_HOME`, `FK_CLUB_AWAY`, `FK_CLUB_HOME`) VALUES(98, 5, 0, 3, 6);
INSERT INTO `matchs` (`ID`, `GOAL_AWAY`, `GOAL_HOME`, `FK_CLUB_AWAY`, `FK_CLUB_HOME`) VALUES(99, 0, 3, 4, 6);
INSERT INTO `matchs` (`ID`, `GOAL_AWAY`, `GOAL_HOME`, `FK_CLUB_AWAY`, `FK_CLUB_HOME`) VALUES(100, 0, 0, 5, 6);
INSERT INTO `matchs` (`ID`, `GOAL_AWAY`, `GOAL_HOME`, `FK_CLUB_AWAY`, `FK_CLUB_HOME`) VALUES(101, 0, 4, 7, 6);
INSERT INTO `matchs` (`ID`, `GOAL_AWAY`, `GOAL_HOME`, `FK_CLUB_AWAY`, `FK_CLUB_HOME`) VALUES(102, 1, 3, 8, 6);
INSERT INTO `matchs` (`ID`, `GOAL_AWAY`, `GOAL_HOME`, `FK_CLUB_AWAY`, `FK_CLUB_HOME`) VALUES(103, 0, 4, 9, 6);
INSERT INTO `matchs` (`ID`, `GOAL_AWAY`, `GOAL_HOME`, `FK_CLUB_AWAY`, `FK_CLUB_HOME`) VALUES(104, 0, 3, 10, 6);
INSERT INTO `matchs` (`ID`, `GOAL_AWAY`, `GOAL_HOME`, `FK_CLUB_AWAY`, `FK_CLUB_HOME`) VALUES(105, 4, 2, 11, 6);
INSERT INTO `matchs` (`ID`, `GOAL_AWAY`, `GOAL_HOME`, `FK_CLUB_AWAY`, `FK_CLUB_HOME`) VALUES(106, 3, 3, 12, 6);
INSERT INTO `matchs` (`ID`, `GOAL_AWAY`, `GOAL_HOME`, `FK_CLUB_AWAY`, `FK_CLUB_HOME`) VALUES(107, 4, 4, 13, 6);
INSERT INTO `matchs` (`ID`, `GOAL_AWAY`, `GOAL_HOME`, `FK_CLUB_AWAY`, `FK_CLUB_HOME`) VALUES(108, 1, 0, 14, 6);
INSERT INTO `matchs` (`ID`, `GOAL_AWAY`, `GOAL_HOME`, `FK_CLUB_AWAY`, `FK_CLUB_HOME`) VALUES(109, 2, 5, 15, 6);
INSERT INTO `matchs` (`ID`, `GOAL_AWAY`, `GOAL_HOME`, `FK_CLUB_AWAY`, `FK_CLUB_HOME`) VALUES(110, 2, 4, 16, 6);
INSERT INTO `matchs` (`ID`, `GOAL_AWAY`, `GOAL_HOME`, `FK_CLUB_AWAY`, `FK_CLUB_HOME`) VALUES(111, 4, 5, 17, 6);
INSERT INTO `matchs` (`ID`, `GOAL_AWAY`, `GOAL_HOME`, `FK_CLUB_AWAY`, `FK_CLUB_HOME`) VALUES(112, 0, 2, 18, 6);
INSERT INTO `matchs` (`ID`, `GOAL_AWAY`, `GOAL_HOME`, `FK_CLUB_AWAY`, `FK_CLUB_HOME`) VALUES(113, 1, 2, 19, 6);
INSERT INTO `matchs` (`ID`, `GOAL_AWAY`, `GOAL_HOME`, `FK_CLUB_AWAY`, `FK_CLUB_HOME`) VALUES(114, 4, 5, 20, 6);
INSERT INTO `matchs` (`ID`, `GOAL_AWAY`, `GOAL_HOME`, `FK_CLUB_AWAY`, `FK_CLUB_HOME`) VALUES(115, 3, 5, 1, 7);
INSERT INTO `matchs` (`ID`, `GOAL_AWAY`, `GOAL_HOME`, `FK_CLUB_AWAY`, `FK_CLUB_HOME`) VALUES(116, 4, 1, 2, 7);
INSERT INTO `matchs` (`ID`, `GOAL_AWAY`, `GOAL_HOME`, `FK_CLUB_AWAY`, `FK_CLUB_HOME`) VALUES(117, 0, 5, 3, 7);
INSERT INTO `matchs` (`ID`, `GOAL_AWAY`, `GOAL_HOME`, `FK_CLUB_AWAY`, `FK_CLUB_HOME`) VALUES(118, 3, 5, 4, 7);
INSERT INTO `matchs` (`ID`, `GOAL_AWAY`, `GOAL_HOME`, `FK_CLUB_AWAY`, `FK_CLUB_HOME`) VALUES(119, 2, 1, 5, 7);
INSERT INTO `matchs` (`ID`, `GOAL_AWAY`, `GOAL_HOME`, `FK_CLUB_AWAY`, `FK_CLUB_HOME`) VALUES(120, 3, 0, 6, 7);
INSERT INTO `matchs` (`ID`, `GOAL_AWAY`, `GOAL_HOME`, `FK_CLUB_AWAY`, `FK_CLUB_HOME`) VALUES(121, 0, 2, 8, 7);
INSERT INTO `matchs` (`ID`, `GOAL_AWAY`, `GOAL_HOME`, `FK_CLUB_AWAY`, `FK_CLUB_HOME`) VALUES(122, 4, 5, 9, 7);
INSERT INTO `matchs` (`ID`, `GOAL_AWAY`, `GOAL_HOME`, `FK_CLUB_AWAY`, `FK_CLUB_HOME`) VALUES(123, 5, 5, 10, 7);
INSERT INTO `matchs` (`ID`, `GOAL_AWAY`, `GOAL_HOME`, `FK_CLUB_AWAY`, `FK_CLUB_HOME`) VALUES(124, 4, 4, 11, 7);
INSERT INTO `matchs` (`ID`, `GOAL_AWAY`, `GOAL_HOME`, `FK_CLUB_AWAY`, `FK_CLUB_HOME`) VALUES(125, 0, 0, 12, 7);
INSERT INTO `matchs` (`ID`, `GOAL_AWAY`, `GOAL_HOME`, `FK_CLUB_AWAY`, `FK_CLUB_HOME`) VALUES(126, 1, 2, 13, 7);
INSERT INTO `matchs` (`ID`, `GOAL_AWAY`, `GOAL_HOME`, `FK_CLUB_AWAY`, `FK_CLUB_HOME`) VALUES(127, 5, 1, 14, 7);
INSERT INTO `matchs` (`ID`, `GOAL_AWAY`, `GOAL_HOME`, `FK_CLUB_AWAY`, `FK_CLUB_HOME`) VALUES(128, 2, 0, 15, 7);
INSERT INTO `matchs` (`ID`, `GOAL_AWAY`, `GOAL_HOME`, `FK_CLUB_AWAY`, `FK_CLUB_HOME`) VALUES(129, 1, 4, 16, 7);
INSERT INTO `matchs` (`ID`, `GOAL_AWAY`, `GOAL_HOME`, `FK_CLUB_AWAY`, `FK_CLUB_HOME`) VALUES(130, 5, 5, 17, 7);
INSERT INTO `matchs` (`ID`, `GOAL_AWAY`, `GOAL_HOME`, `FK_CLUB_AWAY`, `FK_CLUB_HOME`) VALUES(131, 5, 2, 18, 7);
INSERT INTO `matchs` (`ID`, `GOAL_AWAY`, `GOAL_HOME`, `FK_CLUB_AWAY`, `FK_CLUB_HOME`) VALUES(132, 4, 0, 19, 7);
INSERT INTO `matchs` (`ID`, `GOAL_AWAY`, `GOAL_HOME`, `FK_CLUB_AWAY`, `FK_CLUB_HOME`) VALUES(133, 1, 2, 20, 7);
INSERT INTO `matchs` (`ID`, `GOAL_AWAY`, `GOAL_HOME`, `FK_CLUB_AWAY`, `FK_CLUB_HOME`) VALUES(134, 0, 3, 1, 8);
INSERT INTO `matchs` (`ID`, `GOAL_AWAY`, `GOAL_HOME`, `FK_CLUB_AWAY`, `FK_CLUB_HOME`) VALUES(135, 5, 5, 2, 8);
INSERT INTO `matchs` (`ID`, `GOAL_AWAY`, `GOAL_HOME`, `FK_CLUB_AWAY`, `FK_CLUB_HOME`) VALUES(136, 1, 5, 3, 8);
INSERT INTO `matchs` (`ID`, `GOAL_AWAY`, `GOAL_HOME`, `FK_CLUB_AWAY`, `FK_CLUB_HOME`) VALUES(137, 1, 3, 4, 8);
INSERT INTO `matchs` (`ID`, `GOAL_AWAY`, `GOAL_HOME`, `FK_CLUB_AWAY`, `FK_CLUB_HOME`) VALUES(138, 0, 5, 5, 8);
INSERT INTO `matchs` (`ID`, `GOAL_AWAY`, `GOAL_HOME`, `FK_CLUB_AWAY`, `FK_CLUB_HOME`) VALUES(139, 3, 5, 6, 8);
INSERT INTO `matchs` (`ID`, `GOAL_AWAY`, `GOAL_HOME`, `FK_CLUB_AWAY`, `FK_CLUB_HOME`) VALUES(140, 5, 0, 7, 8);
INSERT INTO `matchs` (`ID`, `GOAL_AWAY`, `GOAL_HOME`, `FK_CLUB_AWAY`, `FK_CLUB_HOME`) VALUES(141, 3, 4, 9, 8);
INSERT INTO `matchs` (`ID`, `GOAL_AWAY`, `GOAL_HOME`, `FK_CLUB_AWAY`, `FK_CLUB_HOME`) VALUES(142, 5, 1, 10, 8);
INSERT INTO `matchs` (`ID`, `GOAL_AWAY`, `GOAL_HOME`, `FK_CLUB_AWAY`, `FK_CLUB_HOME`) VALUES(143, 0, 2, 11, 8);
INSERT INTO `matchs` (`ID`, `GOAL_AWAY`, `GOAL_HOME`, `FK_CLUB_AWAY`, `FK_CLUB_HOME`) VALUES(144, 2, 5, 12, 8);
INSERT INTO `matchs` (`ID`, `GOAL_AWAY`, `GOAL_HOME`, `FK_CLUB_AWAY`, `FK_CLUB_HOME`) VALUES(145, 1, 2, 13, 8);
INSERT INTO `matchs` (`ID`, `GOAL_AWAY`, `GOAL_HOME`, `FK_CLUB_AWAY`, `FK_CLUB_HOME`) VALUES(146, 3, 5, 14, 8);
INSERT INTO `matchs` (`ID`, `GOAL_AWAY`, `GOAL_HOME`, `FK_CLUB_AWAY`, `FK_CLUB_HOME`) VALUES(147, 5, 2, 15, 8);
INSERT INTO `matchs` (`ID`, `GOAL_AWAY`, `GOAL_HOME`, `FK_CLUB_AWAY`, `FK_CLUB_HOME`) VALUES(148, 4, 3, 16, 8);
INSERT INTO `matchs` (`ID`, `GOAL_AWAY`, `GOAL_HOME`, `FK_CLUB_AWAY`, `FK_CLUB_HOME`) VALUES(149, 5, 3, 17, 8);
INSERT INTO `matchs` (`ID`, `GOAL_AWAY`, `GOAL_HOME`, `FK_CLUB_AWAY`, `FK_CLUB_HOME`) VALUES(150, 0, 4, 18, 8);
INSERT INTO `matchs` (`ID`, `GOAL_AWAY`, `GOAL_HOME`, `FK_CLUB_AWAY`, `FK_CLUB_HOME`) VALUES(151, 2, 3, 19, 8);
INSERT INTO `matchs` (`ID`, `GOAL_AWAY`, `GOAL_HOME`, `FK_CLUB_AWAY`, `FK_CLUB_HOME`) VALUES(152, 0, 4, 20, 8);
INSERT INTO `matchs` (`ID`, `GOAL_AWAY`, `GOAL_HOME`, `FK_CLUB_AWAY`, `FK_CLUB_HOME`) VALUES(153, 4, 4, 1, 9);
INSERT INTO `matchs` (`ID`, `GOAL_AWAY`, `GOAL_HOME`, `FK_CLUB_AWAY`, `FK_CLUB_HOME`) VALUES(154, 0, 1, 2, 9);
INSERT INTO `matchs` (`ID`, `GOAL_AWAY`, `GOAL_HOME`, `FK_CLUB_AWAY`, `FK_CLUB_HOME`) VALUES(155, 0, 0, 3, 9);
INSERT INTO `matchs` (`ID`, `GOAL_AWAY`, `GOAL_HOME`, `FK_CLUB_AWAY`, `FK_CLUB_HOME`) VALUES(156, 3, 0, 4, 9);
INSERT INTO `matchs` (`ID`, `GOAL_AWAY`, `GOAL_HOME`, `FK_CLUB_AWAY`, `FK_CLUB_HOME`) VALUES(157, 5, 5, 5, 9);
INSERT INTO `matchs` (`ID`, `GOAL_AWAY`, `GOAL_HOME`, `FK_CLUB_AWAY`, `FK_CLUB_HOME`) VALUES(158, 0, 4, 6, 9);
INSERT INTO `matchs` (`ID`, `GOAL_AWAY`, `GOAL_HOME`, `FK_CLUB_AWAY`, `FK_CLUB_HOME`) VALUES(159, 4, 4, 7, 9);
INSERT INTO `matchs` (`ID`, `GOAL_AWAY`, `GOAL_HOME`, `FK_CLUB_AWAY`, `FK_CLUB_HOME`) VALUES(160, 0, 2, 8, 9);
INSERT INTO `matchs` (`ID`, `GOAL_AWAY`, `GOAL_HOME`, `FK_CLUB_AWAY`, `FK_CLUB_HOME`) VALUES(161, 0, 3, 10, 9);
INSERT INTO `matchs` (`ID`, `GOAL_AWAY`, `GOAL_HOME`, `FK_CLUB_AWAY`, `FK_CLUB_HOME`) VALUES(162, 0, 2, 11, 9);
INSERT INTO `matchs` (`ID`, `GOAL_AWAY`, `GOAL_HOME`, `FK_CLUB_AWAY`, `FK_CLUB_HOME`) VALUES(163, 2, 5, 12, 9);
INSERT INTO `matchs` (`ID`, `GOAL_AWAY`, `GOAL_HOME`, `FK_CLUB_AWAY`, `FK_CLUB_HOME`) VALUES(164, 0, 5, 13, 9);
INSERT INTO `matchs` (`ID`, `GOAL_AWAY`, `GOAL_HOME`, `FK_CLUB_AWAY`, `FK_CLUB_HOME`) VALUES(165, 2, 5, 14, 9);
INSERT INTO `matchs` (`ID`, `GOAL_AWAY`, `GOAL_HOME`, `FK_CLUB_AWAY`, `FK_CLUB_HOME`) VALUES(166, 1, 1, 15, 9);
INSERT INTO `matchs` (`ID`, `GOAL_AWAY`, `GOAL_HOME`, `FK_CLUB_AWAY`, `FK_CLUB_HOME`) VALUES(167, 1, 2, 16, 9);
INSERT INTO `matchs` (`ID`, `GOAL_AWAY`, `GOAL_HOME`, `FK_CLUB_AWAY`, `FK_CLUB_HOME`) VALUES(168, 1, 1, 17, 9);
INSERT INTO `matchs` (`ID`, `GOAL_AWAY`, `GOAL_HOME`, `FK_CLUB_AWAY`, `FK_CLUB_HOME`) VALUES(169, 1, 1, 18, 9);
INSERT INTO `matchs` (`ID`, `GOAL_AWAY`, `GOAL_HOME`, `FK_CLUB_AWAY`, `FK_CLUB_HOME`) VALUES(170, 3, 1, 19, 9);
INSERT INTO `matchs` (`ID`, `GOAL_AWAY`, `GOAL_HOME`, `FK_CLUB_AWAY`, `FK_CLUB_HOME`) VALUES(171, 5, 4, 20, 9);
INSERT INTO `matchs` (`ID`, `GOAL_AWAY`, `GOAL_HOME`, `FK_CLUB_AWAY`, `FK_CLUB_HOME`) VALUES(172, 1, 2, 1, 10);
INSERT INTO `matchs` (`ID`, `GOAL_AWAY`, `GOAL_HOME`, `FK_CLUB_AWAY`, `FK_CLUB_HOME`) VALUES(173, 2, 1, 2, 10);
INSERT INTO `matchs` (`ID`, `GOAL_AWAY`, `GOAL_HOME`, `FK_CLUB_AWAY`, `FK_CLUB_HOME`) VALUES(174, 4, 4, 3, 10);
INSERT INTO `matchs` (`ID`, `GOAL_AWAY`, `GOAL_HOME`, `FK_CLUB_AWAY`, `FK_CLUB_HOME`) VALUES(175, 3, 2, 4, 10);
INSERT INTO `matchs` (`ID`, `GOAL_AWAY`, `GOAL_HOME`, `FK_CLUB_AWAY`, `FK_CLUB_HOME`) VALUES(176, 1, 0, 5, 10);
INSERT INTO `matchs` (`ID`, `GOAL_AWAY`, `GOAL_HOME`, `FK_CLUB_AWAY`, `FK_CLUB_HOME`) VALUES(177, 0, 0, 6, 10);
INSERT INTO `matchs` (`ID`, `GOAL_AWAY`, `GOAL_HOME`, `FK_CLUB_AWAY`, `FK_CLUB_HOME`) VALUES(178, 0, 3, 7, 10);
INSERT INTO `matchs` (`ID`, `GOAL_AWAY`, `GOAL_HOME`, `FK_CLUB_AWAY`, `FK_CLUB_HOME`) VALUES(179, 2, 1, 8, 10);
INSERT INTO `matchs` (`ID`, `GOAL_AWAY`, `GOAL_HOME`, `FK_CLUB_AWAY`, `FK_CLUB_HOME`) VALUES(180, 2, 5, 9, 10);
INSERT INTO `matchs` (`ID`, `GOAL_AWAY`, `GOAL_HOME`, `FK_CLUB_AWAY`, `FK_CLUB_HOME`) VALUES(181, 2, 0, 11, 10);
INSERT INTO `matchs` (`ID`, `GOAL_AWAY`, `GOAL_HOME`, `FK_CLUB_AWAY`, `FK_CLUB_HOME`) VALUES(182, 2, 5, 12, 10);
INSERT INTO `matchs` (`ID`, `GOAL_AWAY`, `GOAL_HOME`, `FK_CLUB_AWAY`, `FK_CLUB_HOME`) VALUES(183, 2, 2, 13, 10);
INSERT INTO `matchs` (`ID`, `GOAL_AWAY`, `GOAL_HOME`, `FK_CLUB_AWAY`, `FK_CLUB_HOME`) VALUES(184, 4, 5, 14, 10);
INSERT INTO `matchs` (`ID`, `GOAL_AWAY`, `GOAL_HOME`, `FK_CLUB_AWAY`, `FK_CLUB_HOME`) VALUES(185, 5, 1, 15, 10);
INSERT INTO `matchs` (`ID`, `GOAL_AWAY`, `GOAL_HOME`, `FK_CLUB_AWAY`, `FK_CLUB_HOME`) VALUES(186, 5, 0, 16, 10);
INSERT INTO `matchs` (`ID`, `GOAL_AWAY`, `GOAL_HOME`, `FK_CLUB_AWAY`, `FK_CLUB_HOME`) VALUES(187, 3, 3, 17, 10);
INSERT INTO `matchs` (`ID`, `GOAL_AWAY`, `GOAL_HOME`, `FK_CLUB_AWAY`, `FK_CLUB_HOME`) VALUES(188, 2, 1, 18, 10);
INSERT INTO `matchs` (`ID`, `GOAL_AWAY`, `GOAL_HOME`, `FK_CLUB_AWAY`, `FK_CLUB_HOME`) VALUES(189, 3, 5, 19, 10);
INSERT INTO `matchs` (`ID`, `GOAL_AWAY`, `GOAL_HOME`, `FK_CLUB_AWAY`, `FK_CLUB_HOME`) VALUES(190, 0, 3, 20, 10);
INSERT INTO `matchs` (`ID`, `GOAL_AWAY`, `GOAL_HOME`, `FK_CLUB_AWAY`, `FK_CLUB_HOME`) VALUES(191, 4, 2, 1, 11);
INSERT INTO `matchs` (`ID`, `GOAL_AWAY`, `GOAL_HOME`, `FK_CLUB_AWAY`, `FK_CLUB_HOME`) VALUES(192, 0, 1, 2, 11);
INSERT INTO `matchs` (`ID`, `GOAL_AWAY`, `GOAL_HOME`, `FK_CLUB_AWAY`, `FK_CLUB_HOME`) VALUES(193, 2, 2, 3, 11);
INSERT INTO `matchs` (`ID`, `GOAL_AWAY`, `GOAL_HOME`, `FK_CLUB_AWAY`, `FK_CLUB_HOME`) VALUES(194, 2, 2, 4, 11);
INSERT INTO `matchs` (`ID`, `GOAL_AWAY`, `GOAL_HOME`, `FK_CLUB_AWAY`, `FK_CLUB_HOME`) VALUES(195, 1, 0, 5, 11);
INSERT INTO `matchs` (`ID`, `GOAL_AWAY`, `GOAL_HOME`, `FK_CLUB_AWAY`, `FK_CLUB_HOME`) VALUES(196, 1, 3, 6, 11);
INSERT INTO `matchs` (`ID`, `GOAL_AWAY`, `GOAL_HOME`, `FK_CLUB_AWAY`, `FK_CLUB_HOME`) VALUES(197, 0, 5, 7, 11);
INSERT INTO `matchs` (`ID`, `GOAL_AWAY`, `GOAL_HOME`, `FK_CLUB_AWAY`, `FK_CLUB_HOME`) VALUES(198, 3, 2, 8, 11);
INSERT INTO `matchs` (`ID`, `GOAL_AWAY`, `GOAL_HOME`, `FK_CLUB_AWAY`, `FK_CLUB_HOME`) VALUES(199, 3, 5, 9, 11);
INSERT INTO `matchs` (`ID`, `GOAL_AWAY`, `GOAL_HOME`, `FK_CLUB_AWAY`, `FK_CLUB_HOME`) VALUES(200, 4, 1, 10, 11);
INSERT INTO `matchs` (`ID`, `GOAL_AWAY`, `GOAL_HOME`, `FK_CLUB_AWAY`, `FK_CLUB_HOME`) VALUES(201, 3, 5, 12, 11);
INSERT INTO `matchs` (`ID`, `GOAL_AWAY`, `GOAL_HOME`, `FK_CLUB_AWAY`, `FK_CLUB_HOME`) VALUES(202, 4, 5, 13, 11);
INSERT INTO `matchs` (`ID`, `GOAL_AWAY`, `GOAL_HOME`, `FK_CLUB_AWAY`, `FK_CLUB_HOME`) VALUES(203, 3, 4, 14, 11);
INSERT INTO `matchs` (`ID`, `GOAL_AWAY`, `GOAL_HOME`, `FK_CLUB_AWAY`, `FK_CLUB_HOME`) VALUES(204, 2, 0, 15, 11);
INSERT INTO `matchs` (`ID`, `GOAL_AWAY`, `GOAL_HOME`, `FK_CLUB_AWAY`, `FK_CLUB_HOME`) VALUES(205, 4, 2, 16, 11);
INSERT INTO `matchs` (`ID`, `GOAL_AWAY`, `GOAL_HOME`, `FK_CLUB_AWAY`, `FK_CLUB_HOME`) VALUES(206, 5, 3, 17, 11);
INSERT INTO `matchs` (`ID`, `GOAL_AWAY`, `GOAL_HOME`, `FK_CLUB_AWAY`, `FK_CLUB_HOME`) VALUES(207, 2, 4, 18, 11);
INSERT INTO `matchs` (`ID`, `GOAL_AWAY`, `GOAL_HOME`, `FK_CLUB_AWAY`, `FK_CLUB_HOME`) VALUES(208, 2, 4, 19, 11);
INSERT INTO `matchs` (`ID`, `GOAL_AWAY`, `GOAL_HOME`, `FK_CLUB_AWAY`, `FK_CLUB_HOME`) VALUES(209, 5, 2, 20, 11);
INSERT INTO `matchs` (`ID`, `GOAL_AWAY`, `GOAL_HOME`, `FK_CLUB_AWAY`, `FK_CLUB_HOME`) VALUES(210, 4, 2, 1, 12);
INSERT INTO `matchs` (`ID`, `GOAL_AWAY`, `GOAL_HOME`, `FK_CLUB_AWAY`, `FK_CLUB_HOME`) VALUES(211, 1, 0, 2, 12);
INSERT INTO `matchs` (`ID`, `GOAL_AWAY`, `GOAL_HOME`, `FK_CLUB_AWAY`, `FK_CLUB_HOME`) VALUES(212, 4, 4, 3, 12);
INSERT INTO `matchs` (`ID`, `GOAL_AWAY`, `GOAL_HOME`, `FK_CLUB_AWAY`, `FK_CLUB_HOME`) VALUES(213, 4, 2, 4, 12);
INSERT INTO `matchs` (`ID`, `GOAL_AWAY`, `GOAL_HOME`, `FK_CLUB_AWAY`, `FK_CLUB_HOME`) VALUES(214, 4, 0, 5, 12);
INSERT INTO `matchs` (`ID`, `GOAL_AWAY`, `GOAL_HOME`, `FK_CLUB_AWAY`, `FK_CLUB_HOME`) VALUES(215, 2, 5, 6, 12);
INSERT INTO `matchs` (`ID`, `GOAL_AWAY`, `GOAL_HOME`, `FK_CLUB_AWAY`, `FK_CLUB_HOME`) VALUES(216, 0, 4, 7, 12);
INSERT INTO `matchs` (`ID`, `GOAL_AWAY`, `GOAL_HOME`, `FK_CLUB_AWAY`, `FK_CLUB_HOME`) VALUES(217, 2, 5, 8, 12);
INSERT INTO `matchs` (`ID`, `GOAL_AWAY`, `GOAL_HOME`, `FK_CLUB_AWAY`, `FK_CLUB_HOME`) VALUES(218, 4, 4, 9, 12);
INSERT INTO `matchs` (`ID`, `GOAL_AWAY`, `GOAL_HOME`, `FK_CLUB_AWAY`, `FK_CLUB_HOME`) VALUES(219, 4, 5, 10, 12);
INSERT INTO `matchs` (`ID`, `GOAL_AWAY`, `GOAL_HOME`, `FK_CLUB_AWAY`, `FK_CLUB_HOME`) VALUES(220, 0, 5, 11, 12);
INSERT INTO `matchs` (`ID`, `GOAL_AWAY`, `GOAL_HOME`, `FK_CLUB_AWAY`, `FK_CLUB_HOME`) VALUES(221, 1, 3, 13, 12);
INSERT INTO `matchs` (`ID`, `GOAL_AWAY`, `GOAL_HOME`, `FK_CLUB_AWAY`, `FK_CLUB_HOME`) VALUES(222, 5, 2, 14, 12);
INSERT INTO `matchs` (`ID`, `GOAL_AWAY`, `GOAL_HOME`, `FK_CLUB_AWAY`, `FK_CLUB_HOME`) VALUES(223, 4, 0, 15, 12);
INSERT INTO `matchs` (`ID`, `GOAL_AWAY`, `GOAL_HOME`, `FK_CLUB_AWAY`, `FK_CLUB_HOME`) VALUES(224, 5, 4, 16, 12);
INSERT INTO `matchs` (`ID`, `GOAL_AWAY`, `GOAL_HOME`, `FK_CLUB_AWAY`, `FK_CLUB_HOME`) VALUES(225, 0, 5, 17, 12);
INSERT INTO `matchs` (`ID`, `GOAL_AWAY`, `GOAL_HOME`, `FK_CLUB_AWAY`, `FK_CLUB_HOME`) VALUES(226, 1, 5, 18, 12);
INSERT INTO `matchs` (`ID`, `GOAL_AWAY`, `GOAL_HOME`, `FK_CLUB_AWAY`, `FK_CLUB_HOME`) VALUES(227, 3, 5, 19, 12);
INSERT INTO `matchs` (`ID`, `GOAL_AWAY`, `GOAL_HOME`, `FK_CLUB_AWAY`, `FK_CLUB_HOME`) VALUES(228, 3, 5, 20, 12);
INSERT INTO `matchs` (`ID`, `GOAL_AWAY`, `GOAL_HOME`, `FK_CLUB_AWAY`, `FK_CLUB_HOME`) VALUES(229, 2, 4, 1, 13);
INSERT INTO `matchs` (`ID`, `GOAL_AWAY`, `GOAL_HOME`, `FK_CLUB_AWAY`, `FK_CLUB_HOME`) VALUES(230, 4, 2, 2, 13);
INSERT INTO `matchs` (`ID`, `GOAL_AWAY`, `GOAL_HOME`, `FK_CLUB_AWAY`, `FK_CLUB_HOME`) VALUES(231, 4, 4, 3, 13);
INSERT INTO `matchs` (`ID`, `GOAL_AWAY`, `GOAL_HOME`, `FK_CLUB_AWAY`, `FK_CLUB_HOME`) VALUES(232, 5, 4, 4, 13);
INSERT INTO `matchs` (`ID`, `GOAL_AWAY`, `GOAL_HOME`, `FK_CLUB_AWAY`, `FK_CLUB_HOME`) VALUES(233, 5, 4, 5, 13);
INSERT INTO `matchs` (`ID`, `GOAL_AWAY`, `GOAL_HOME`, `FK_CLUB_AWAY`, `FK_CLUB_HOME`) VALUES(234, 1, 1, 6, 13);
INSERT INTO `matchs` (`ID`, `GOAL_AWAY`, `GOAL_HOME`, `FK_CLUB_AWAY`, `FK_CLUB_HOME`) VALUES(235, 4, 3, 7, 13);
INSERT INTO `matchs` (`ID`, `GOAL_AWAY`, `GOAL_HOME`, `FK_CLUB_AWAY`, `FK_CLUB_HOME`) VALUES(236, 3, 4, 8, 13);
INSERT INTO `matchs` (`ID`, `GOAL_AWAY`, `GOAL_HOME`, `FK_CLUB_AWAY`, `FK_CLUB_HOME`) VALUES(237, 4, 5, 9, 13);
INSERT INTO `matchs` (`ID`, `GOAL_AWAY`, `GOAL_HOME`, `FK_CLUB_AWAY`, `FK_CLUB_HOME`) VALUES(238, 4, 1, 10, 13);
INSERT INTO `matchs` (`ID`, `GOAL_AWAY`, `GOAL_HOME`, `FK_CLUB_AWAY`, `FK_CLUB_HOME`) VALUES(239, 3, 2, 11, 13);
INSERT INTO `matchs` (`ID`, `GOAL_AWAY`, `GOAL_HOME`, `FK_CLUB_AWAY`, `FK_CLUB_HOME`) VALUES(240, 2, 5, 12, 13);
INSERT INTO `matchs` (`ID`, `GOAL_AWAY`, `GOAL_HOME`, `FK_CLUB_AWAY`, `FK_CLUB_HOME`) VALUES(241, 3, 4, 14, 13);
INSERT INTO `matchs` (`ID`, `GOAL_AWAY`, `GOAL_HOME`, `FK_CLUB_AWAY`, `FK_CLUB_HOME`) VALUES(242, 5, 3, 15, 13);
INSERT INTO `matchs` (`ID`, `GOAL_AWAY`, `GOAL_HOME`, `FK_CLUB_AWAY`, `FK_CLUB_HOME`) VALUES(243, 0, 0, 16, 13);
INSERT INTO `matchs` (`ID`, `GOAL_AWAY`, `GOAL_HOME`, `FK_CLUB_AWAY`, `FK_CLUB_HOME`) VALUES(244, 1, 4, 17, 13);
INSERT INTO `matchs` (`ID`, `GOAL_AWAY`, `GOAL_HOME`, `FK_CLUB_AWAY`, `FK_CLUB_HOME`) VALUES(245, 0, 1, 18, 13);
INSERT INTO `matchs` (`ID`, `GOAL_AWAY`, `GOAL_HOME`, `FK_CLUB_AWAY`, `FK_CLUB_HOME`) VALUES(246, 1, 3, 19, 13);
INSERT INTO `matchs` (`ID`, `GOAL_AWAY`, `GOAL_HOME`, `FK_CLUB_AWAY`, `FK_CLUB_HOME`) VALUES(247, 1, 2, 20, 13);
INSERT INTO `matchs` (`ID`, `GOAL_AWAY`, `GOAL_HOME`, `FK_CLUB_AWAY`, `FK_CLUB_HOME`) VALUES(248, 2, 1, 1, 14);
INSERT INTO `matchs` (`ID`, `GOAL_AWAY`, `GOAL_HOME`, `FK_CLUB_AWAY`, `FK_CLUB_HOME`) VALUES(249, 4, 2, 2, 14);
INSERT INTO `matchs` (`ID`, `GOAL_AWAY`, `GOAL_HOME`, `FK_CLUB_AWAY`, `FK_CLUB_HOME`) VALUES(250, 4, 2, 3, 14);
INSERT INTO `matchs` (`ID`, `GOAL_AWAY`, `GOAL_HOME`, `FK_CLUB_AWAY`, `FK_CLUB_HOME`) VALUES(251, 4, 2, 4, 14);
INSERT INTO `matchs` (`ID`, `GOAL_AWAY`, `GOAL_HOME`, `FK_CLUB_AWAY`, `FK_CLUB_HOME`) VALUES(252, 3, 0, 5, 14);
INSERT INTO `matchs` (`ID`, `GOAL_AWAY`, `GOAL_HOME`, `FK_CLUB_AWAY`, `FK_CLUB_HOME`) VALUES(253, 3, 0, 6, 14);
INSERT INTO `matchs` (`ID`, `GOAL_AWAY`, `GOAL_HOME`, `FK_CLUB_AWAY`, `FK_CLUB_HOME`) VALUES(254, 2, 5, 7, 14);
INSERT INTO `matchs` (`ID`, `GOAL_AWAY`, `GOAL_HOME`, `FK_CLUB_AWAY`, `FK_CLUB_HOME`) VALUES(255, 4, 4, 8, 14);
INSERT INTO `matchs` (`ID`, `GOAL_AWAY`, `GOAL_HOME`, `FK_CLUB_AWAY`, `FK_CLUB_HOME`) VALUES(256, 2, 2, 9, 14);
INSERT INTO `matchs` (`ID`, `GOAL_AWAY`, `GOAL_HOME`, `FK_CLUB_AWAY`, `FK_CLUB_HOME`) VALUES(257, 5, 0, 10, 14);
INSERT INTO `matchs` (`ID`, `GOAL_AWAY`, `GOAL_HOME`, `FK_CLUB_AWAY`, `FK_CLUB_HOME`) VALUES(258, 0, 5, 11, 14);
INSERT INTO `matchs` (`ID`, `GOAL_AWAY`, `GOAL_HOME`, `FK_CLUB_AWAY`, `FK_CLUB_HOME`) VALUES(259, 4, 1, 12, 14);
INSERT INTO `matchs` (`ID`, `GOAL_AWAY`, `GOAL_HOME`, `FK_CLUB_AWAY`, `FK_CLUB_HOME`) VALUES(260, 2, 3, 13, 14);
INSERT INTO `matchs` (`ID`, `GOAL_AWAY`, `GOAL_HOME`, `FK_CLUB_AWAY`, `FK_CLUB_HOME`) VALUES(261, 2, 2, 15, 14);
INSERT INTO `matchs` (`ID`, `GOAL_AWAY`, `GOAL_HOME`, `FK_CLUB_AWAY`, `FK_CLUB_HOME`) VALUES(262, 0, 3, 16, 14);
INSERT INTO `matchs` (`ID`, `GOAL_AWAY`, `GOAL_HOME`, `FK_CLUB_AWAY`, `FK_CLUB_HOME`) VALUES(263, 2, 3, 17, 14);
INSERT INTO `matchs` (`ID`, `GOAL_AWAY`, `GOAL_HOME`, `FK_CLUB_AWAY`, `FK_CLUB_HOME`) VALUES(264, 5, 4, 18, 14);
INSERT INTO `matchs` (`ID`, `GOAL_AWAY`, `GOAL_HOME`, `FK_CLUB_AWAY`, `FK_CLUB_HOME`) VALUES(265, 0, 5, 19, 14);
INSERT INTO `matchs` (`ID`, `GOAL_AWAY`, `GOAL_HOME`, `FK_CLUB_AWAY`, `FK_CLUB_HOME`) VALUES(266, 5, 4, 20, 14);
INSERT INTO `matchs` (`ID`, `GOAL_AWAY`, `GOAL_HOME`, `FK_CLUB_AWAY`, `FK_CLUB_HOME`) VALUES(267, 3, 0, 1, 15);
INSERT INTO `matchs` (`ID`, `GOAL_AWAY`, `GOAL_HOME`, `FK_CLUB_AWAY`, `FK_CLUB_HOME`) VALUES(268, 3, 0, 2, 15);
INSERT INTO `matchs` (`ID`, `GOAL_AWAY`, `GOAL_HOME`, `FK_CLUB_AWAY`, `FK_CLUB_HOME`) VALUES(269, 3, 0, 3, 15);
INSERT INTO `matchs` (`ID`, `GOAL_AWAY`, `GOAL_HOME`, `FK_CLUB_AWAY`, `FK_CLUB_HOME`) VALUES(270, 5, 2, 4, 15);
INSERT INTO `matchs` (`ID`, `GOAL_AWAY`, `GOAL_HOME`, `FK_CLUB_AWAY`, `FK_CLUB_HOME`) VALUES(271, 2, 3, 5, 15);
INSERT INTO `matchs` (`ID`, `GOAL_AWAY`, `GOAL_HOME`, `FK_CLUB_AWAY`, `FK_CLUB_HOME`) VALUES(272, 5, 1, 6, 15);
INSERT INTO `matchs` (`ID`, `GOAL_AWAY`, `GOAL_HOME`, `FK_CLUB_AWAY`, `FK_CLUB_HOME`) VALUES(273, 4, 1, 7, 15);
INSERT INTO `matchs` (`ID`, `GOAL_AWAY`, `GOAL_HOME`, `FK_CLUB_AWAY`, `FK_CLUB_HOME`) VALUES(274, 4, 2, 8, 15);
INSERT INTO `matchs` (`ID`, `GOAL_AWAY`, `GOAL_HOME`, `FK_CLUB_AWAY`, `FK_CLUB_HOME`) VALUES(275, 5, 1, 9, 15);
INSERT INTO `matchs` (`ID`, `GOAL_AWAY`, `GOAL_HOME`, `FK_CLUB_AWAY`, `FK_CLUB_HOME`) VALUES(276, 5, 5, 10, 15);
INSERT INTO `matchs` (`ID`, `GOAL_AWAY`, `GOAL_HOME`, `FK_CLUB_AWAY`, `FK_CLUB_HOME`) VALUES(277, 3, 3, 11, 15);
INSERT INTO `matchs` (`ID`, `GOAL_AWAY`, `GOAL_HOME`, `FK_CLUB_AWAY`, `FK_CLUB_HOME`) VALUES(278, 3, 2, 12, 15);
INSERT INTO `matchs` (`ID`, `GOAL_AWAY`, `GOAL_HOME`, `FK_CLUB_AWAY`, `FK_CLUB_HOME`) VALUES(279, 4, 2, 13, 15);
INSERT INTO `matchs` (`ID`, `GOAL_AWAY`, `GOAL_HOME`, `FK_CLUB_AWAY`, `FK_CLUB_HOME`) VALUES(280, 2, 2, 14, 15);
INSERT INTO `matchs` (`ID`, `GOAL_AWAY`, `GOAL_HOME`, `FK_CLUB_AWAY`, `FK_CLUB_HOME`) VALUES(281, 3, 2, 16, 15);
INSERT INTO `matchs` (`ID`, `GOAL_AWAY`, `GOAL_HOME`, `FK_CLUB_AWAY`, `FK_CLUB_HOME`) VALUES(282, 5, 4, 17, 15);
INSERT INTO `matchs` (`ID`, `GOAL_AWAY`, `GOAL_HOME`, `FK_CLUB_AWAY`, `FK_CLUB_HOME`) VALUES(283, 0, 4, 18, 15);
INSERT INTO `matchs` (`ID`, `GOAL_AWAY`, `GOAL_HOME`, `FK_CLUB_AWAY`, `FK_CLUB_HOME`) VALUES(284, 0, 1, 19, 15);
INSERT INTO `matchs` (`ID`, `GOAL_AWAY`, `GOAL_HOME`, `FK_CLUB_AWAY`, `FK_CLUB_HOME`) VALUES(285, 4, 2, 20, 15);
INSERT INTO `matchs` (`ID`, `GOAL_AWAY`, `GOAL_HOME`, `FK_CLUB_AWAY`, `FK_CLUB_HOME`) VALUES(286, 2, 0, 1, 16);
INSERT INTO `matchs` (`ID`, `GOAL_AWAY`, `GOAL_HOME`, `FK_CLUB_AWAY`, `FK_CLUB_HOME`) VALUES(287, 3, 1, 2, 16);
INSERT INTO `matchs` (`ID`, `GOAL_AWAY`, `GOAL_HOME`, `FK_CLUB_AWAY`, `FK_CLUB_HOME`) VALUES(288, 2, 2, 3, 16);
INSERT INTO `matchs` (`ID`, `GOAL_AWAY`, `GOAL_HOME`, `FK_CLUB_AWAY`, `FK_CLUB_HOME`) VALUES(289, 1, 0, 4, 16);
INSERT INTO `matchs` (`ID`, `GOAL_AWAY`, `GOAL_HOME`, `FK_CLUB_AWAY`, `FK_CLUB_HOME`) VALUES(290, 1, 4, 5, 16);
INSERT INTO `matchs` (`ID`, `GOAL_AWAY`, `GOAL_HOME`, `FK_CLUB_AWAY`, `FK_CLUB_HOME`) VALUES(291, 4, 0, 6, 16);
INSERT INTO `matchs` (`ID`, `GOAL_AWAY`, `GOAL_HOME`, `FK_CLUB_AWAY`, `FK_CLUB_HOME`) VALUES(292, 5, 3, 7, 16);
INSERT INTO `matchs` (`ID`, `GOAL_AWAY`, `GOAL_HOME`, `FK_CLUB_AWAY`, `FK_CLUB_HOME`) VALUES(293, 5, 1, 8, 16);
INSERT INTO `matchs` (`ID`, `GOAL_AWAY`, `GOAL_HOME`, `FK_CLUB_AWAY`, `FK_CLUB_HOME`) VALUES(294, 4, 3, 9, 16);
INSERT INTO `matchs` (`ID`, `GOAL_AWAY`, `GOAL_HOME`, `FK_CLUB_AWAY`, `FK_CLUB_HOME`) VALUES(295, 4, 4, 10, 16);
INSERT INTO `matchs` (`ID`, `GOAL_AWAY`, `GOAL_HOME`, `FK_CLUB_AWAY`, `FK_CLUB_HOME`) VALUES(296, 4, 1, 11, 16);
INSERT INTO `matchs` (`ID`, `GOAL_AWAY`, `GOAL_HOME`, `FK_CLUB_AWAY`, `FK_CLUB_HOME`) VALUES(297, 1, 2, 12, 16);
INSERT INTO `matchs` (`ID`, `GOAL_AWAY`, `GOAL_HOME`, `FK_CLUB_AWAY`, `FK_CLUB_HOME`) VALUES(298, 2, 2, 13, 16);
INSERT INTO `matchs` (`ID`, `GOAL_AWAY`, `GOAL_HOME`, `FK_CLUB_AWAY`, `FK_CLUB_HOME`) VALUES(299, 0, 4, 14, 16);
INSERT INTO `matchs` (`ID`, `GOAL_AWAY`, `GOAL_HOME`, `FK_CLUB_AWAY`, `FK_CLUB_HOME`) VALUES(300, 2, 5, 15, 16);
INSERT INTO `matchs` (`ID`, `GOAL_AWAY`, `GOAL_HOME`, `FK_CLUB_AWAY`, `FK_CLUB_HOME`) VALUES(301, 0, 3, 17, 16);
INSERT INTO `matchs` (`ID`, `GOAL_AWAY`, `GOAL_HOME`, `FK_CLUB_AWAY`, `FK_CLUB_HOME`) VALUES(302, 1, 0, 18, 16);
INSERT INTO `matchs` (`ID`, `GOAL_AWAY`, `GOAL_HOME`, `FK_CLUB_AWAY`, `FK_CLUB_HOME`) VALUES(303, 2, 3, 19, 16);
INSERT INTO `matchs` (`ID`, `GOAL_AWAY`, `GOAL_HOME`, `FK_CLUB_AWAY`, `FK_CLUB_HOME`) VALUES(304, 0, 1, 20, 16);
INSERT INTO `matchs` (`ID`, `GOAL_AWAY`, `GOAL_HOME`, `FK_CLUB_AWAY`, `FK_CLUB_HOME`) VALUES(305, 1, 3, 1, 17);
INSERT INTO `matchs` (`ID`, `GOAL_AWAY`, `GOAL_HOME`, `FK_CLUB_AWAY`, `FK_CLUB_HOME`) VALUES(306, 0, 1, 2, 17);
INSERT INTO `matchs` (`ID`, `GOAL_AWAY`, `GOAL_HOME`, `FK_CLUB_AWAY`, `FK_CLUB_HOME`) VALUES(307, 5, 3, 3, 17);
INSERT INTO `matchs` (`ID`, `GOAL_AWAY`, `GOAL_HOME`, `FK_CLUB_AWAY`, `FK_CLUB_HOME`) VALUES(308, 3, 3, 4, 17);
INSERT INTO `matchs` (`ID`, `GOAL_AWAY`, `GOAL_HOME`, `FK_CLUB_AWAY`, `FK_CLUB_HOME`) VALUES(309, 0, 1, 5, 17);
INSERT INTO `matchs` (`ID`, `GOAL_AWAY`, `GOAL_HOME`, `FK_CLUB_AWAY`, `FK_CLUB_HOME`) VALUES(310, 5, 4, 6, 17);
INSERT INTO `matchs` (`ID`, `GOAL_AWAY`, `GOAL_HOME`, `FK_CLUB_AWAY`, `FK_CLUB_HOME`) VALUES(311, 1, 5, 7, 17);
INSERT INTO `matchs` (`ID`, `GOAL_AWAY`, `GOAL_HOME`, `FK_CLUB_AWAY`, `FK_CLUB_HOME`) VALUES(312, 2, 1, 8, 17);
INSERT INTO `matchs` (`ID`, `GOAL_AWAY`, `GOAL_HOME`, `FK_CLUB_AWAY`, `FK_CLUB_HOME`) VALUES(313, 4, 2, 9, 17);
INSERT INTO `matchs` (`ID`, `GOAL_AWAY`, `GOAL_HOME`, `FK_CLUB_AWAY`, `FK_CLUB_HOME`) VALUES(314, 4, 4, 10, 17);
INSERT INTO `matchs` (`ID`, `GOAL_AWAY`, `GOAL_HOME`, `FK_CLUB_AWAY`, `FK_CLUB_HOME`) VALUES(315, 4, 5, 11, 17);
INSERT INTO `matchs` (`ID`, `GOAL_AWAY`, `GOAL_HOME`, `FK_CLUB_AWAY`, `FK_CLUB_HOME`) VALUES(316, 4, 2, 12, 17);
INSERT INTO `matchs` (`ID`, `GOAL_AWAY`, `GOAL_HOME`, `FK_CLUB_AWAY`, `FK_CLUB_HOME`) VALUES(317, 5, 4, 13, 17);
INSERT INTO `matchs` (`ID`, `GOAL_AWAY`, `GOAL_HOME`, `FK_CLUB_AWAY`, `FK_CLUB_HOME`) VALUES(318, 4, 3, 14, 17);
INSERT INTO `matchs` (`ID`, `GOAL_AWAY`, `GOAL_HOME`, `FK_CLUB_AWAY`, `FK_CLUB_HOME`) VALUES(319, 2, 3, 15, 17);
INSERT INTO `matchs` (`ID`, `GOAL_AWAY`, `GOAL_HOME`, `FK_CLUB_AWAY`, `FK_CLUB_HOME`) VALUES(320, 4, 4, 16, 17);
INSERT INTO `matchs` (`ID`, `GOAL_AWAY`, `GOAL_HOME`, `FK_CLUB_AWAY`, `FK_CLUB_HOME`) VALUES(321, 4, 1, 18, 17);
INSERT INTO `matchs` (`ID`, `GOAL_AWAY`, `GOAL_HOME`, `FK_CLUB_AWAY`, `FK_CLUB_HOME`) VALUES(322, 4, 4, 19, 17);
INSERT INTO `matchs` (`ID`, `GOAL_AWAY`, `GOAL_HOME`, `FK_CLUB_AWAY`, `FK_CLUB_HOME`) VALUES(323, 1, 2, 20, 17);
INSERT INTO `matchs` (`ID`, `GOAL_AWAY`, `GOAL_HOME`, `FK_CLUB_AWAY`, `FK_CLUB_HOME`) VALUES(324, 2, 2, 1, 18);
INSERT INTO `matchs` (`ID`, `GOAL_AWAY`, `GOAL_HOME`, `FK_CLUB_AWAY`, `FK_CLUB_HOME`) VALUES(325, 4, 4, 2, 18);
INSERT INTO `matchs` (`ID`, `GOAL_AWAY`, `GOAL_HOME`, `FK_CLUB_AWAY`, `FK_CLUB_HOME`) VALUES(326, 4, 3, 3, 18);
INSERT INTO `matchs` (`ID`, `GOAL_AWAY`, `GOAL_HOME`, `FK_CLUB_AWAY`, `FK_CLUB_HOME`) VALUES(327, 5, 2, 4, 18);
INSERT INTO `matchs` (`ID`, `GOAL_AWAY`, `GOAL_HOME`, `FK_CLUB_AWAY`, `FK_CLUB_HOME`) VALUES(328, 5, 1, 5, 18);
INSERT INTO `matchs` (`ID`, `GOAL_AWAY`, `GOAL_HOME`, `FK_CLUB_AWAY`, `FK_CLUB_HOME`) VALUES(329, 4, 5, 6, 18);
INSERT INTO `matchs` (`ID`, `GOAL_AWAY`, `GOAL_HOME`, `FK_CLUB_AWAY`, `FK_CLUB_HOME`) VALUES(330, 4, 1, 7, 18);
INSERT INTO `matchs` (`ID`, `GOAL_AWAY`, `GOAL_HOME`, `FK_CLUB_AWAY`, `FK_CLUB_HOME`) VALUES(331, 4, 2, 8, 18);
INSERT INTO `matchs` (`ID`, `GOAL_AWAY`, `GOAL_HOME`, `FK_CLUB_AWAY`, `FK_CLUB_HOME`) VALUES(332, 1, 1, 9, 18);
INSERT INTO `matchs` (`ID`, `GOAL_AWAY`, `GOAL_HOME`, `FK_CLUB_AWAY`, `FK_CLUB_HOME`) VALUES(333, 3, 5, 10, 18);
INSERT INTO `matchs` (`ID`, `GOAL_AWAY`, `GOAL_HOME`, `FK_CLUB_AWAY`, `FK_CLUB_HOME`) VALUES(334, 4, 1, 11, 18);
INSERT INTO `matchs` (`ID`, `GOAL_AWAY`, `GOAL_HOME`, `FK_CLUB_AWAY`, `FK_CLUB_HOME`) VALUES(335, 0, 1, 12, 18);
INSERT INTO `matchs` (`ID`, `GOAL_AWAY`, `GOAL_HOME`, `FK_CLUB_AWAY`, `FK_CLUB_HOME`) VALUES(336, 4, 1, 13, 18);
INSERT INTO `matchs` (`ID`, `GOAL_AWAY`, `GOAL_HOME`, `FK_CLUB_AWAY`, `FK_CLUB_HOME`) VALUES(337, 3, 4, 14, 18);
INSERT INTO `matchs` (`ID`, `GOAL_AWAY`, `GOAL_HOME`, `FK_CLUB_AWAY`, `FK_CLUB_HOME`) VALUES(338, 3, 3, 15, 18);
INSERT INTO `matchs` (`ID`, `GOAL_AWAY`, `GOAL_HOME`, `FK_CLUB_AWAY`, `FK_CLUB_HOME`) VALUES(339, 3, 2, 16, 18);
INSERT INTO `matchs` (`ID`, `GOAL_AWAY`, `GOAL_HOME`, `FK_CLUB_AWAY`, `FK_CLUB_HOME`) VALUES(340, 0, 3, 17, 18);
INSERT INTO `matchs` (`ID`, `GOAL_AWAY`, `GOAL_HOME`, `FK_CLUB_AWAY`, `FK_CLUB_HOME`) VALUES(341, 5, 1, 19, 18);
INSERT INTO `matchs` (`ID`, `GOAL_AWAY`, `GOAL_HOME`, `FK_CLUB_AWAY`, `FK_CLUB_HOME`) VALUES(342, 0, 1, 20, 18);
INSERT INTO `matchs` (`ID`, `GOAL_AWAY`, `GOAL_HOME`, `FK_CLUB_AWAY`, `FK_CLUB_HOME`) VALUES(343, 3, 4, 1, 19);
INSERT INTO `matchs` (`ID`, `GOAL_AWAY`, `GOAL_HOME`, `FK_CLUB_AWAY`, `FK_CLUB_HOME`) VALUES(344, 0, 4, 2, 19);
INSERT INTO `matchs` (`ID`, `GOAL_AWAY`, `GOAL_HOME`, `FK_CLUB_AWAY`, `FK_CLUB_HOME`) VALUES(345, 0, 2, 3, 19);
INSERT INTO `matchs` (`ID`, `GOAL_AWAY`, `GOAL_HOME`, `FK_CLUB_AWAY`, `FK_CLUB_HOME`) VALUES(346, 0, 4, 4, 19);
INSERT INTO `matchs` (`ID`, `GOAL_AWAY`, `GOAL_HOME`, `FK_CLUB_AWAY`, `FK_CLUB_HOME`) VALUES(347, 5, 3, 5, 19);
INSERT INTO `matchs` (`ID`, `GOAL_AWAY`, `GOAL_HOME`, `FK_CLUB_AWAY`, `FK_CLUB_HOME`) VALUES(348, 5, 5, 6, 19);
INSERT INTO `matchs` (`ID`, `GOAL_AWAY`, `GOAL_HOME`, `FK_CLUB_AWAY`, `FK_CLUB_HOME`) VALUES(349, 4, 5, 7, 19);
INSERT INTO `matchs` (`ID`, `GOAL_AWAY`, `GOAL_HOME`, `FK_CLUB_AWAY`, `FK_CLUB_HOME`) VALUES(350, 1, 4, 8, 19);
INSERT INTO `matchs` (`ID`, `GOAL_AWAY`, `GOAL_HOME`, `FK_CLUB_AWAY`, `FK_CLUB_HOME`) VALUES(351, 3, 0, 9, 19);
INSERT INTO `matchs` (`ID`, `GOAL_AWAY`, `GOAL_HOME`, `FK_CLUB_AWAY`, `FK_CLUB_HOME`) VALUES(352, 0, 1, 10, 19);
INSERT INTO `matchs` (`ID`, `GOAL_AWAY`, `GOAL_HOME`, `FK_CLUB_AWAY`, `FK_CLUB_HOME`) VALUES(353, 1, 5, 11, 19);
INSERT INTO `matchs` (`ID`, `GOAL_AWAY`, `GOAL_HOME`, `FK_CLUB_AWAY`, `FK_CLUB_HOME`) VALUES(354, 3, 3, 12, 19);
INSERT INTO `matchs` (`ID`, `GOAL_AWAY`, `GOAL_HOME`, `FK_CLUB_AWAY`, `FK_CLUB_HOME`) VALUES(355, 5, 4, 13, 19);
INSERT INTO `matchs` (`ID`, `GOAL_AWAY`, `GOAL_HOME`, `FK_CLUB_AWAY`, `FK_CLUB_HOME`) VALUES(356, 1, 0, 14, 19);
INSERT INTO `matchs` (`ID`, `GOAL_AWAY`, `GOAL_HOME`, `FK_CLUB_AWAY`, `FK_CLUB_HOME`) VALUES(357, 2, 5, 15, 19);
INSERT INTO `matchs` (`ID`, `GOAL_AWAY`, `GOAL_HOME`, `FK_CLUB_AWAY`, `FK_CLUB_HOME`) VALUES(358, 3, 5, 16, 19);
INSERT INTO `matchs` (`ID`, `GOAL_AWAY`, `GOAL_HOME`, `FK_CLUB_AWAY`, `FK_CLUB_HOME`) VALUES(359, 4, 3, 17, 19);
INSERT INTO `matchs` (`ID`, `GOAL_AWAY`, `GOAL_HOME`, `FK_CLUB_AWAY`, `FK_CLUB_HOME`) VALUES(360, 5, 4, 18, 19);
INSERT INTO `matchs` (`ID`, `GOAL_AWAY`, `GOAL_HOME`, `FK_CLUB_AWAY`, `FK_CLUB_HOME`) VALUES(361, 0, 4, 20, 19);
INSERT INTO `matchs` (`ID`, `GOAL_AWAY`, `GOAL_HOME`, `FK_CLUB_AWAY`, `FK_CLUB_HOME`) VALUES(362, 4, 1, 1, 20);
INSERT INTO `matchs` (`ID`, `GOAL_AWAY`, `GOAL_HOME`, `FK_CLUB_AWAY`, `FK_CLUB_HOME`) VALUES(363, 4, 1, 2, 20);
INSERT INTO `matchs` (`ID`, `GOAL_AWAY`, `GOAL_HOME`, `FK_CLUB_AWAY`, `FK_CLUB_HOME`) VALUES(364, 5, 0, 3, 20);
INSERT INTO `matchs` (`ID`, `GOAL_AWAY`, `GOAL_HOME`, `FK_CLUB_AWAY`, `FK_CLUB_HOME`) VALUES(365, 3, 1, 4, 20);
INSERT INTO `matchs` (`ID`, `GOAL_AWAY`, `GOAL_HOME`, `FK_CLUB_AWAY`, `FK_CLUB_HOME`) VALUES(366, 5, 0, 5, 20);
INSERT INTO `matchs` (`ID`, `GOAL_AWAY`, `GOAL_HOME`, `FK_CLUB_AWAY`, `FK_CLUB_HOME`) VALUES(367, 1, 2, 6, 20);
INSERT INTO `matchs` (`ID`, `GOAL_AWAY`, `GOAL_HOME`, `FK_CLUB_AWAY`, `FK_CLUB_HOME`) VALUES(368, 3, 1, 7, 20);
INSERT INTO `matchs` (`ID`, `GOAL_AWAY`, `GOAL_HOME`, `FK_CLUB_AWAY`, `FK_CLUB_HOME`) VALUES(369, 2, 0, 8, 20);
INSERT INTO `matchs` (`ID`, `GOAL_AWAY`, `GOAL_HOME`, `FK_CLUB_AWAY`, `FK_CLUB_HOME`) VALUES(370, 4, 2, 9, 20);
INSERT INTO `matchs` (`ID`, `GOAL_AWAY`, `GOAL_HOME`, `FK_CLUB_AWAY`, `FK_CLUB_HOME`) VALUES(371, 4, 2, 10, 20);
INSERT INTO `matchs` (`ID`, `GOAL_AWAY`, `GOAL_HOME`, `FK_CLUB_AWAY`, `FK_CLUB_HOME`) VALUES(372, 4, 1, 11, 20);
INSERT INTO `matchs` (`ID`, `GOAL_AWAY`, `GOAL_HOME`, `FK_CLUB_AWAY`, `FK_CLUB_HOME`) VALUES(373, 5, 5, 12, 20);
INSERT INTO `matchs` (`ID`, `GOAL_AWAY`, `GOAL_HOME`, `FK_CLUB_AWAY`, `FK_CLUB_HOME`) VALUES(374, 2, 1, 13, 20);
INSERT INTO `matchs` (`ID`, `GOAL_AWAY`, `GOAL_HOME`, `FK_CLUB_AWAY`, `FK_CLUB_HOME`) VALUES(375, 5, 2, 14, 20);
INSERT INTO `matchs` (`ID`, `GOAL_AWAY`, `GOAL_HOME`, `FK_CLUB_AWAY`, `FK_CLUB_HOME`) VALUES(376, 1, 2, 15, 20);
INSERT INTO `matchs` (`ID`, `GOAL_AWAY`, `GOAL_HOME`, `FK_CLUB_AWAY`, `FK_CLUB_HOME`) VALUES(377, 4, 4, 16, 20);
INSERT INTO `matchs` (`ID`, `GOAL_AWAY`, `GOAL_HOME`, `FK_CLUB_AWAY`, `FK_CLUB_HOME`) VALUES(378, 0, 2, 17, 20);
INSERT INTO `matchs` (`ID`, `GOAL_AWAY`, `GOAL_HOME`, `FK_CLUB_AWAY`, `FK_CLUB_HOME`) VALUES(379, 4, 5, 18, 20);
INSERT INTO `matchs` (`ID`, `GOAL_AWAY`, `GOAL_HOME`, `FK_CLUB_AWAY`, `FK_CLUB_HOME`) VALUES(380, 0, 1, 19, 20);

--
-- Déchargement des données de la table `player`
--

INSERT INTO `player` (`ID`, `BIRTHDATE`, `NAME`, `FK_CLUB`, `FK_COUNTRY`) VALUES(1, '1978-04-18', 'Cassin', 1, 10);
INSERT INTO `player` (`ID`, `BIRTHDATE`, `NAME`, `FK_CLUB`, `FK_COUNTRY`) VALUES(2, '1981-10-20', 'Davis', 1, 10);
INSERT INTO `player` (`ID`, `BIRTHDATE`, `NAME`, `FK_CLUB`, `FK_COUNTRY`) VALUES(3, '1977-07-28', 'Bogisich', 1, 10);
INSERT INTO `player` (`ID`, `BIRTHDATE`, `NAME`, `FK_CLUB`, `FK_COUNTRY`) VALUES(4, '1993-01-15', 'Dooley', 1, 10);
INSERT INTO `player` (`ID`, `BIRTHDATE`, `NAME`, `FK_CLUB`, `FK_COUNTRY`) VALUES(5, '1977-07-16', 'Davis', 1, 10);
INSERT INTO `player` (`ID`, `BIRTHDATE`, `NAME`, `FK_CLUB`, `FK_COUNTRY`) VALUES(6, '1986-10-22', 'Padberg', 1, 10);
INSERT INTO `player` (`ID`, `BIRTHDATE`, `NAME`, `FK_CLUB`, `FK_COUNTRY`) VALUES(7, '1999-07-16', 'Klein', 1, 10);
INSERT INTO `player` (`ID`, `BIRTHDATE`, `NAME`, `FK_CLUB`, `FK_COUNTRY`) VALUES(8, '1978-08-08', 'Wolf', 1, 10);
INSERT INTO `player` (`ID`, `BIRTHDATE`, `NAME`, `FK_CLUB`, `FK_COUNTRY`) VALUES(9, '1988-12-02', 'Fay', 1, 10);
INSERT INTO `player` (`ID`, `BIRTHDATE`, `NAME`, `FK_CLUB`, `FK_COUNTRY`) VALUES(10, '1977-06-21', 'Marquardt', 1, 10);
INSERT INTO `player` (`ID`, `BIRTHDATE`, `NAME`, `FK_CLUB`, `FK_COUNTRY`) VALUES(11, '1999-09-08', 'Metz', 1, 10);
INSERT INTO `player` (`ID`, `BIRTHDATE`, `NAME`, `FK_CLUB`, `FK_COUNTRY`) VALUES(12, '1990-04-15', 'Kozey', 1, 10);
INSERT INTO `player` (`ID`, `BIRTHDATE`, `NAME`, `FK_CLUB`, `FK_COUNTRY`) VALUES(13, '1997-06-16', 'Daniel', 1, 10);
INSERT INTO `player` (`ID`, `BIRTHDATE`, `NAME`, `FK_CLUB`, `FK_COUNTRY`) VALUES(14, '1989-01-25', 'Toy', 1, 10);
INSERT INTO `player` (`ID`, `BIRTHDATE`, `NAME`, `FK_CLUB`, `FK_COUNTRY`) VALUES(15, '1996-01-22', 'Erdman', 1, 10);
INSERT INTO `player` (`ID`, `BIRTHDATE`, `NAME`, `FK_CLUB`, `FK_COUNTRY`) VALUES(16, '1995-09-08', 'Moore', 1, 10);
INSERT INTO `player` (`ID`, `BIRTHDATE`, `NAME`, `FK_CLUB`, `FK_COUNTRY`) VALUES(17, '1997-07-08', 'Oberbrunner', 1, 10);
INSERT INTO `player` (`ID`, `BIRTHDATE`, `NAME`, `FK_CLUB`, `FK_COUNTRY`) VALUES(18, '1985-08-31', 'Weissnat', 1, 10);
INSERT INTO `player` (`ID`, `BIRTHDATE`, `NAME`, `FK_CLUB`, `FK_COUNTRY`) VALUES(19, '1993-10-10', 'Kub', 1, 10);
INSERT INTO `player` (`ID`, `BIRTHDATE`, `NAME`, `FK_CLUB`, `FK_COUNTRY`) VALUES(20, '1998-05-31', 'MacGyver', 1, 10);
INSERT INTO `player` (`ID`, `BIRTHDATE`, `NAME`, `FK_CLUB`, `FK_COUNTRY`) VALUES(21, '1992-03-31', 'Hermann', 2, 10);
INSERT INTO `player` (`ID`, `BIRTHDATE`, `NAME`, `FK_CLUB`, `FK_COUNTRY`) VALUES(22, '2000-11-21', 'Torp', 2, 22);
INSERT INTO `player` (`ID`, `BIRTHDATE`, `NAME`, `FK_CLUB`, `FK_COUNTRY`) VALUES(23, '1977-02-03', 'Jenkins', 2, 10);
INSERT INTO `player` (`ID`, `BIRTHDATE`, `NAME`, `FK_CLUB`, `FK_COUNTRY`) VALUES(24, '1995-11-29', 'Breitenberg', 2, 10);
INSERT INTO `player` (`ID`, `BIRTHDATE`, `NAME`, `FK_CLUB`, `FK_COUNTRY`) VALUES(25, '1989-05-30', 'Maggio', 2, 10);
INSERT INTO `player` (`ID`, `BIRTHDATE`, `NAME`, `FK_CLUB`, `FK_COUNTRY`) VALUES(26, '1986-06-07', 'Denesik', 2, 10);
INSERT INTO `player` (`ID`, `BIRTHDATE`, `NAME`, `FK_CLUB`, `FK_COUNTRY`) VALUES(27, '1992-10-30', 'Gerhold', 2, 10);
INSERT INTO `player` (`ID`, `BIRTHDATE`, `NAME`, `FK_CLUB`, `FK_COUNTRY`) VALUES(28, '1988-10-01', 'Schneider', 2, 10);
INSERT INTO `player` (`ID`, `BIRTHDATE`, `NAME`, `FK_CLUB`, `FK_COUNTRY`) VALUES(29, '2002-06-29', 'Anderson', 2, 10);
INSERT INTO `player` (`ID`, `BIRTHDATE`, `NAME`, `FK_CLUB`, `FK_COUNTRY`) VALUES(30, '1987-07-06', 'Jacobi', 2, 10);
INSERT INTO `player` (`ID`, `BIRTHDATE`, `NAME`, `FK_CLUB`, `FK_COUNTRY`) VALUES(31, '1984-01-01', 'McKenzie', 2, 10);
INSERT INTO `player` (`ID`, `BIRTHDATE`, `NAME`, `FK_CLUB`, `FK_COUNTRY`) VALUES(32, '1982-01-25', 'Zulauf', 2, 10);
INSERT INTO `player` (`ID`, `BIRTHDATE`, `NAME`, `FK_CLUB`, `FK_COUNTRY`) VALUES(33, '1995-06-08', 'Grady', 2, 10);
INSERT INTO `player` (`ID`, `BIRTHDATE`, `NAME`, `FK_CLUB`, `FK_COUNTRY`) VALUES(34, '1984-11-17', 'Howe', 2, 3);
INSERT INTO `player` (`ID`, `BIRTHDATE`, `NAME`, `FK_CLUB`, `FK_COUNTRY`) VALUES(35, '1992-06-05', 'Berge', 2, 10);
INSERT INTO `player` (`ID`, `BIRTHDATE`, `NAME`, `FK_CLUB`, `FK_COUNTRY`) VALUES(36, '1978-07-04', 'Schamberger', 2, 10);
INSERT INTO `player` (`ID`, `BIRTHDATE`, `NAME`, `FK_CLUB`, `FK_COUNTRY`) VALUES(37, '1979-08-24', 'Boyer', 2, 10);
INSERT INTO `player` (`ID`, `BIRTHDATE`, `NAME`, `FK_CLUB`, `FK_COUNTRY`) VALUES(38, '1993-07-21', 'Brakus', 2, 10);
INSERT INTO `player` (`ID`, `BIRTHDATE`, `NAME`, `FK_CLUB`, `FK_COUNTRY`) VALUES(39, '1997-12-20', 'Jaskolski', 2, 10);
INSERT INTO `player` (`ID`, `BIRTHDATE`, `NAME`, `FK_CLUB`, `FK_COUNTRY`) VALUES(40, '1991-12-21', 'Hamill', 2, 10);
INSERT INTO `player` (`ID`, `BIRTHDATE`, `NAME`, `FK_CLUB`, `FK_COUNTRY`) VALUES(41, '2002-02-09', 'Kerluke', 3, 10);
INSERT INTO `player` (`ID`, `BIRTHDATE`, `NAME`, `FK_CLUB`, `FK_COUNTRY`) VALUES(42, '2001-02-23', 'Emmerich', 3, 10);
INSERT INTO `player` (`ID`, `BIRTHDATE`, `NAME`, `FK_CLUB`, `FK_COUNTRY`) VALUES(43, '2003-03-29', 'Johns', 3, 10);
INSERT INTO `player` (`ID`, `BIRTHDATE`, `NAME`, `FK_CLUB`, `FK_COUNTRY`) VALUES(44, '1998-02-09', 'DuBuque', 3, 10);
INSERT INTO `player` (`ID`, `BIRTHDATE`, `NAME`, `FK_CLUB`, `FK_COUNTRY`) VALUES(45, '2003-05-27', 'Kuhn', 3, 10);
INSERT INTO `player` (`ID`, `BIRTHDATE`, `NAME`, `FK_CLUB`, `FK_COUNTRY`) VALUES(46, '1980-12-05', 'Champlin', 3, 10);
INSERT INTO `player` (`ID`, `BIRTHDATE`, `NAME`, `FK_CLUB`, `FK_COUNTRY`) VALUES(47, '1988-02-18', 'Ankunding', 3, 15);
INSERT INTO `player` (`ID`, `BIRTHDATE`, `NAME`, `FK_CLUB`, `FK_COUNTRY`) VALUES(48, '1983-12-14', 'Carter', 3, 13);
INSERT INTO `player` (`ID`, `BIRTHDATE`, `NAME`, `FK_CLUB`, `FK_COUNTRY`) VALUES(49, '1999-09-23', 'Denesik', 3, 10);
INSERT INTO `player` (`ID`, `BIRTHDATE`, `NAME`, `FK_CLUB`, `FK_COUNTRY`) VALUES(50, '1986-05-04', 'Bechtelar', 3, 10);
INSERT INTO `player` (`ID`, `BIRTHDATE`, `NAME`, `FK_CLUB`, `FK_COUNTRY`) VALUES(51, '1996-06-05', 'Schmitt', 3, 10);
INSERT INTO `player` (`ID`, `BIRTHDATE`, `NAME`, `FK_CLUB`, `FK_COUNTRY`) VALUES(52, '1993-09-28', 'Beahan', 3, 10);
INSERT INTO `player` (`ID`, `BIRTHDATE`, `NAME`, `FK_CLUB`, `FK_COUNTRY`) VALUES(53, '1999-03-15', 'Kertzmann', 3, 10);
INSERT INTO `player` (`ID`, `BIRTHDATE`, `NAME`, `FK_CLUB`, `FK_COUNTRY`) VALUES(54, '1983-03-13', 'Gislason', 3, 10);
INSERT INTO `player` (`ID`, `BIRTHDATE`, `NAME`, `FK_CLUB`, `FK_COUNTRY`) VALUES(55, '1980-03-16', 'Schroeder', 3, 10);
INSERT INTO `player` (`ID`, `BIRTHDATE`, `NAME`, `FK_CLUB`, `FK_COUNTRY`) VALUES(56, '1981-08-27', 'Hessel', 3, 23);
INSERT INTO `player` (`ID`, `BIRTHDATE`, `NAME`, `FK_CLUB`, `FK_COUNTRY`) VALUES(57, '1976-11-10', 'Nikolaus', 3, 10);
INSERT INTO `player` (`ID`, `BIRTHDATE`, `NAME`, `FK_CLUB`, `FK_COUNTRY`) VALUES(58, '1975-08-21', 'Altenwerth', 3, 12);
INSERT INTO `player` (`ID`, `BIRTHDATE`, `NAME`, `FK_CLUB`, `FK_COUNTRY`) VALUES(59, '1982-12-13', 'Gutkowski', 3, 10);
INSERT INTO `player` (`ID`, `BIRTHDATE`, `NAME`, `FK_CLUB`, `FK_COUNTRY`) VALUES(60, '1975-03-02', 'O''Conner', 3, 10);
INSERT INTO `player` (`ID`, `BIRTHDATE`, `NAME`, `FK_CLUB`, `FK_COUNTRY`) VALUES(61, '1984-12-24', 'Kuvalis', 4, 17);
INSERT INTO `player` (`ID`, `BIRTHDATE`, `NAME`, `FK_CLUB`, `FK_COUNTRY`) VALUES(62, '1983-01-13', 'Lakin', 4, 10);
INSERT INTO `player` (`ID`, `BIRTHDATE`, `NAME`, `FK_CLUB`, `FK_COUNTRY`) VALUES(63, '1983-09-21', 'Schmeler', 4, 10);
INSERT INTO `player` (`ID`, `BIRTHDATE`, `NAME`, `FK_CLUB`, `FK_COUNTRY`) VALUES(64, '1985-02-12', 'Nikolaus', 4, 10);
INSERT INTO `player` (`ID`, `BIRTHDATE`, `NAME`, `FK_CLUB`, `FK_COUNTRY`) VALUES(65, '1979-12-12', 'Yundt', 4, 23);
INSERT INTO `player` (`ID`, `BIRTHDATE`, `NAME`, `FK_CLUB`, `FK_COUNTRY`) VALUES(66, '1976-02-27', 'Gibson', 4, 15);
INSERT INTO `player` (`ID`, `BIRTHDATE`, `NAME`, `FK_CLUB`, `FK_COUNTRY`) VALUES(67, '1977-12-02', 'Robel', 4, 10);
INSERT INTO `player` (`ID`, `BIRTHDATE`, `NAME`, `FK_CLUB`, `FK_COUNTRY`) VALUES(68, '1976-12-19', 'Haag', 4, 10);
INSERT INTO `player` (`ID`, `BIRTHDATE`, `NAME`, `FK_CLUB`, `FK_COUNTRY`) VALUES(69, '1992-07-05', 'Keeling', 4, 10);
INSERT INTO `player` (`ID`, `BIRTHDATE`, `NAME`, `FK_CLUB`, `FK_COUNTRY`) VALUES(70, '1977-04-28', 'Lueilwitz', 4, 10);
INSERT INTO `player` (`ID`, `BIRTHDATE`, `NAME`, `FK_CLUB`, `FK_COUNTRY`) VALUES(71, '2000-11-02', 'Balistreri', 4, 10);
INSERT INTO `player` (`ID`, `BIRTHDATE`, `NAME`, `FK_CLUB`, `FK_COUNTRY`) VALUES(72, '1987-08-01', 'Toy', 4, 10);
INSERT INTO `player` (`ID`, `BIRTHDATE`, `NAME`, `FK_CLUB`, `FK_COUNTRY`) VALUES(73, '1981-03-20', 'Crist', 4, 24);
INSERT INTO `player` (`ID`, `BIRTHDATE`, `NAME`, `FK_CLUB`, `FK_COUNTRY`) VALUES(74, '1980-11-09', 'Streich', 4, 10);
INSERT INTO `player` (`ID`, `BIRTHDATE`, `NAME`, `FK_CLUB`, `FK_COUNTRY`) VALUES(75, '1983-11-30', 'Beer', 4, 10);
INSERT INTO `player` (`ID`, `BIRTHDATE`, `NAME`, `FK_CLUB`, `FK_COUNTRY`) VALUES(76, '1993-12-17', 'O''Hara', 4, 10);
INSERT INTO `player` (`ID`, `BIRTHDATE`, `NAME`, `FK_CLUB`, `FK_COUNTRY`) VALUES(77, '1981-05-03', 'Hilpert', 4, 10);
INSERT INTO `player` (`ID`, `BIRTHDATE`, `NAME`, `FK_CLUB`, `FK_COUNTRY`) VALUES(78, '1979-12-28', 'Hauck', 4, 1);
INSERT INTO `player` (`ID`, `BIRTHDATE`, `NAME`, `FK_CLUB`, `FK_COUNTRY`) VALUES(79, '1990-11-05', 'Gislason', 4, 15);
INSERT INTO `player` (`ID`, `BIRTHDATE`, `NAME`, `FK_CLUB`, `FK_COUNTRY`) VALUES(80, '1980-05-17', 'Huel', 4, 10);
INSERT INTO `player` (`ID`, `BIRTHDATE`, `NAME`, `FK_CLUB`, `FK_COUNTRY`) VALUES(81, '1994-10-19', 'Herzog', 5, 9);
INSERT INTO `player` (`ID`, `BIRTHDATE`, `NAME`, `FK_CLUB`, `FK_COUNTRY`) VALUES(82, '1996-05-24', 'Hammes', 5, 9);
INSERT INTO `player` (`ID`, `BIRTHDATE`, `NAME`, `FK_CLUB`, `FK_COUNTRY`) VALUES(83, '1979-12-13', 'Swaniawski', 5, 9);
INSERT INTO `player` (`ID`, `BIRTHDATE`, `NAME`, `FK_CLUB`, `FK_COUNTRY`) VALUES(84, '1975-10-26', 'Skiles', 5, 9);
INSERT INTO `player` (`ID`, `BIRTHDATE`, `NAME`, `FK_CLUB`, `FK_COUNTRY`) VALUES(85, '1995-04-21', 'McGlynn', 5, 9);
INSERT INTO `player` (`ID`, `BIRTHDATE`, `NAME`, `FK_CLUB`, `FK_COUNTRY`) VALUES(86, '1975-08-13', 'Friesen', 5, 9);
INSERT INTO `player` (`ID`, `BIRTHDATE`, `NAME`, `FK_CLUB`, `FK_COUNTRY`) VALUES(87, '1996-02-16', 'Kling', 5, 9);
INSERT INTO `player` (`ID`, `BIRTHDATE`, `NAME`, `FK_CLUB`, `FK_COUNTRY`) VALUES(88, '1990-04-27', 'Kohler', 5, 10);
INSERT INTO `player` (`ID`, `BIRTHDATE`, `NAME`, `FK_CLUB`, `FK_COUNTRY`) VALUES(89, '1995-12-10', 'Gutmann', 5, 9);
INSERT INTO `player` (`ID`, `BIRTHDATE`, `NAME`, `FK_CLUB`, `FK_COUNTRY`) VALUES(90, '1987-11-07', 'Walsh', 5, 9);
INSERT INTO `player` (`ID`, `BIRTHDATE`, `NAME`, `FK_CLUB`, `FK_COUNTRY`) VALUES(91, '1987-10-31', 'Bechtelar', 5, 9);
INSERT INTO `player` (`ID`, `BIRTHDATE`, `NAME`, `FK_CLUB`, `FK_COUNTRY`) VALUES(92, '1989-07-19', 'Bashirian', 5, 9);
INSERT INTO `player` (`ID`, `BIRTHDATE`, `NAME`, `FK_CLUB`, `FK_COUNTRY`) VALUES(93, '1998-04-20', 'Becker', 5, 9);
INSERT INTO `player` (`ID`, `BIRTHDATE`, `NAME`, `FK_CLUB`, `FK_COUNTRY`) VALUES(94, '1987-08-11', 'Streich', 5, 14);
INSERT INTO `player` (`ID`, `BIRTHDATE`, `NAME`, `FK_CLUB`, `FK_COUNTRY`) VALUES(95, '2003-10-18', 'Denesik', 5, 9);
INSERT INTO `player` (`ID`, `BIRTHDATE`, `NAME`, `FK_CLUB`, `FK_COUNTRY`) VALUES(96, '1985-12-31', 'Boyer', 5, 9);
INSERT INTO `player` (`ID`, `BIRTHDATE`, `NAME`, `FK_CLUB`, `FK_COUNTRY`) VALUES(97, '1981-12-14', 'Raynor', 5, 9);
INSERT INTO `player` (`ID`, `BIRTHDATE`, `NAME`, `FK_CLUB`, `FK_COUNTRY`) VALUES(98, '1991-06-01', 'Mueller', 5, 9);
INSERT INTO `player` (`ID`, `BIRTHDATE`, `NAME`, `FK_CLUB`, `FK_COUNTRY`) VALUES(99, '2001-02-03', 'Howell', 5, 9);
INSERT INTO `player` (`ID`, `BIRTHDATE`, `NAME`, `FK_CLUB`, `FK_COUNTRY`) VALUES(100, '2000-01-02', 'Walker', 5, 9);
INSERT INTO `player` (`ID`, `BIRTHDATE`, `NAME`, `FK_CLUB`, `FK_COUNTRY`) VALUES(101, '1978-06-26', 'Sipes', 6, 9);
INSERT INTO `player` (`ID`, `BIRTHDATE`, `NAME`, `FK_CLUB`, `FK_COUNTRY`) VALUES(102, '2003-08-08', 'Cole', 6, 20);
INSERT INTO `player` (`ID`, `BIRTHDATE`, `NAME`, `FK_CLUB`, `FK_COUNTRY`) VALUES(103, '1990-12-03', 'Jerde', 6, 9);
INSERT INTO `player` (`ID`, `BIRTHDATE`, `NAME`, `FK_CLUB`, `FK_COUNTRY`) VALUES(104, '1988-01-27', 'Kulas', 6, 9);
INSERT INTO `player` (`ID`, `BIRTHDATE`, `NAME`, `FK_CLUB`, `FK_COUNTRY`) VALUES(105, '2001-11-22', 'Ullrich', 6, 9);
INSERT INTO `player` (`ID`, `BIRTHDATE`, `NAME`, `FK_CLUB`, `FK_COUNTRY`) VALUES(106, '1978-08-17', 'Smith', 6, 9);
INSERT INTO `player` (`ID`, `BIRTHDATE`, `NAME`, `FK_CLUB`, `FK_COUNTRY`) VALUES(107, '1975-07-04', 'Rolfson', 6, 3);
INSERT INTO `player` (`ID`, `BIRTHDATE`, `NAME`, `FK_CLUB`, `FK_COUNTRY`) VALUES(108, '1979-07-01', 'Miller', 6, 9);
INSERT INTO `player` (`ID`, `BIRTHDATE`, `NAME`, `FK_CLUB`, `FK_COUNTRY`) VALUES(109, '1987-11-23', 'Kohler', 6, 9);
INSERT INTO `player` (`ID`, `BIRTHDATE`, `NAME`, `FK_CLUB`, `FK_COUNTRY`) VALUES(110, '1975-09-05', 'Rosenbaum', 6, 22);
INSERT INTO `player` (`ID`, `BIRTHDATE`, `NAME`, `FK_CLUB`, `FK_COUNTRY`) VALUES(111, '1998-07-05', 'Rau', 6, 9);
INSERT INTO `player` (`ID`, `BIRTHDATE`, `NAME`, `FK_CLUB`, `FK_COUNTRY`) VALUES(112, '1989-07-07', 'Greenfelder', 6, 14);
INSERT INTO `player` (`ID`, `BIRTHDATE`, `NAME`, `FK_CLUB`, `FK_COUNTRY`) VALUES(113, '1986-07-28', 'O''Conner', 6, 9);
INSERT INTO `player` (`ID`, `BIRTHDATE`, `NAME`, `FK_CLUB`, `FK_COUNTRY`) VALUES(114, '2001-01-16', 'Schaefer', 6, 9);
INSERT INTO `player` (`ID`, `BIRTHDATE`, `NAME`, `FK_CLUB`, `FK_COUNTRY`) VALUES(115, '1998-12-16', 'Murazik', 6, 9);
INSERT INTO `player` (`ID`, `BIRTHDATE`, `NAME`, `FK_CLUB`, `FK_COUNTRY`) VALUES(116, '1983-03-24', 'Jacobi', 6, 9);
INSERT INTO `player` (`ID`, `BIRTHDATE`, `NAME`, `FK_CLUB`, `FK_COUNTRY`) VALUES(117, '1978-07-01', 'Cormier', 6, 9);
INSERT INTO `player` (`ID`, `BIRTHDATE`, `NAME`, `FK_CLUB`, `FK_COUNTRY`) VALUES(118, '1976-02-07', 'Kertzmann', 6, 9);
INSERT INTO `player` (`ID`, `BIRTHDATE`, `NAME`, `FK_CLUB`, `FK_COUNTRY`) VALUES(119, '2001-05-07', 'O''Connell', 6, 9);
INSERT INTO `player` (`ID`, `BIRTHDATE`, `NAME`, `FK_CLUB`, `FK_COUNTRY`) VALUES(120, '1979-06-24', 'Denesik', 6, 6);
INSERT INTO `player` (`ID`, `BIRTHDATE`, `NAME`, `FK_CLUB`, `FK_COUNTRY`) VALUES(121, '1999-09-29', 'Stamm', 7, 9);
INSERT INTO `player` (`ID`, `BIRTHDATE`, `NAME`, `FK_CLUB`, `FK_COUNTRY`) VALUES(122, '1987-07-30', 'Ziemann', 7, 9);
INSERT INTO `player` (`ID`, `BIRTHDATE`, `NAME`, `FK_CLUB`, `FK_COUNTRY`) VALUES(123, '1991-12-04', 'Boyle', 7, 9);
INSERT INTO `player` (`ID`, `BIRTHDATE`, `NAME`, `FK_CLUB`, `FK_COUNTRY`) VALUES(124, '1996-11-28', 'Dicki', 7, 5);
INSERT INTO `player` (`ID`, `BIRTHDATE`, `NAME`, `FK_CLUB`, `FK_COUNTRY`) VALUES(125, '1986-02-28', 'Dickinson', 7, 9);
INSERT INTO `player` (`ID`, `BIRTHDATE`, `NAME`, `FK_CLUB`, `FK_COUNTRY`) VALUES(126, '1998-03-17', 'Barton', 7, 9);
INSERT INTO `player` (`ID`, `BIRTHDATE`, `NAME`, `FK_CLUB`, `FK_COUNTRY`) VALUES(127, '1984-07-07', 'Rowe', 7, 9);
INSERT INTO `player` (`ID`, `BIRTHDATE`, `NAME`, `FK_CLUB`, `FK_COUNTRY`) VALUES(128, '1979-08-19', 'Cartwright', 7, 9);
INSERT INTO `player` (`ID`, `BIRTHDATE`, `NAME`, `FK_CLUB`, `FK_COUNTRY`) VALUES(129, '1977-09-19', 'Towne', 7, 9);
INSERT INTO `player` (`ID`, `BIRTHDATE`, `NAME`, `FK_CLUB`, `FK_COUNTRY`) VALUES(130, '1995-04-21', 'Reinger', 7, 9);
INSERT INTO `player` (`ID`, `BIRTHDATE`, `NAME`, `FK_CLUB`, `FK_COUNTRY`) VALUES(131, '1997-05-23', 'Hackett', 7, 9);
INSERT INTO `player` (`ID`, `BIRTHDATE`, `NAME`, `FK_CLUB`, `FK_COUNTRY`) VALUES(132, '1994-05-24', 'Dietrich', 7, 9);
INSERT INTO `player` (`ID`, `BIRTHDATE`, `NAME`, `FK_CLUB`, `FK_COUNTRY`) VALUES(133, '1980-02-08', 'White', 7, 9);
INSERT INTO `player` (`ID`, `BIRTHDATE`, `NAME`, `FK_CLUB`, `FK_COUNTRY`) VALUES(134, '1980-03-16', 'Krajcik', 7, 9);
INSERT INTO `player` (`ID`, `BIRTHDATE`, `NAME`, `FK_CLUB`, `FK_COUNTRY`) VALUES(135, '1996-07-22', 'Lowe', 7, 9);
INSERT INTO `player` (`ID`, `BIRTHDATE`, `NAME`, `FK_CLUB`, `FK_COUNTRY`) VALUES(136, '1981-02-12', 'Moore', 7, 22);
INSERT INTO `player` (`ID`, `BIRTHDATE`, `NAME`, `FK_CLUB`, `FK_COUNTRY`) VALUES(137, '1977-09-26', 'Marvin', 7, 9);
INSERT INTO `player` (`ID`, `BIRTHDATE`, `NAME`, `FK_CLUB`, `FK_COUNTRY`) VALUES(138, '1981-10-09', 'Wintheiser', 7, 9);
INSERT INTO `player` (`ID`, `BIRTHDATE`, `NAME`, `FK_CLUB`, `FK_COUNTRY`) VALUES(139, '1983-10-18', 'McCullough', 7, 9);
INSERT INTO `player` (`ID`, `BIRTHDATE`, `NAME`, `FK_CLUB`, `FK_COUNTRY`) VALUES(140, '1985-11-07', 'Heidenreich', 7, 9);
INSERT INTO `player` (`ID`, `BIRTHDATE`, `NAME`, `FK_CLUB`, `FK_COUNTRY`) VALUES(141, '1990-09-23', 'Thiel', 8, 11);
INSERT INTO `player` (`ID`, `BIRTHDATE`, `NAME`, `FK_CLUB`, `FK_COUNTRY`) VALUES(142, '2002-11-18', 'Jones', 8, 1);
INSERT INTO `player` (`ID`, `BIRTHDATE`, `NAME`, `FK_CLUB`, `FK_COUNTRY`) VALUES(143, '1983-01-10', 'Kerluke', 8, 18);
INSERT INTO `player` (`ID`, `BIRTHDATE`, `NAME`, `FK_CLUB`, `FK_COUNTRY`) VALUES(144, '1995-02-27', 'Labadie', 8, 11);
INSERT INTO `player` (`ID`, `BIRTHDATE`, `NAME`, `FK_CLUB`, `FK_COUNTRY`) VALUES(145, '1982-07-31', 'Powlowski', 8, 11);
INSERT INTO `player` (`ID`, `BIRTHDATE`, `NAME`, `FK_CLUB`, `FK_COUNTRY`) VALUES(146, '1982-06-08', 'Huels', 8, 11);
INSERT INTO `player` (`ID`, `BIRTHDATE`, `NAME`, `FK_CLUB`, `FK_COUNTRY`) VALUES(147, '1987-12-24', 'McClure', 8, 11);
INSERT INTO `player` (`ID`, `BIRTHDATE`, `NAME`, `FK_CLUB`, `FK_COUNTRY`) VALUES(148, '1978-08-12', 'Ebert', 8, 11);
INSERT INTO `player` (`ID`, `BIRTHDATE`, `NAME`, `FK_CLUB`, `FK_COUNTRY`) VALUES(149, '1985-03-20', 'Doyle', 8, 11);
INSERT INTO `player` (`ID`, `BIRTHDATE`, `NAME`, `FK_CLUB`, `FK_COUNTRY`) VALUES(150, '1985-12-13', 'Towne', 8, 11);
INSERT INTO `player` (`ID`, `BIRTHDATE`, `NAME`, `FK_CLUB`, `FK_COUNTRY`) VALUES(151, '2001-12-13', 'Bergstrom', 8, 11);
INSERT INTO `player` (`ID`, `BIRTHDATE`, `NAME`, `FK_CLUB`, `FK_COUNTRY`) VALUES(152, '1990-01-08', 'Monahan', 8, 11);
INSERT INTO `player` (`ID`, `BIRTHDATE`, `NAME`, `FK_CLUB`, `FK_COUNTRY`) VALUES(153, '1995-07-20', 'McKenzie', 8, 11);
INSERT INTO `player` (`ID`, `BIRTHDATE`, `NAME`, `FK_CLUB`, `FK_COUNTRY`) VALUES(154, '1977-06-12', 'Schroeder', 8, 11);
INSERT INTO `player` (`ID`, `BIRTHDATE`, `NAME`, `FK_CLUB`, `FK_COUNTRY`) VALUES(155, '1997-02-26', 'Abernathy', 8, 11);
INSERT INTO `player` (`ID`, `BIRTHDATE`, `NAME`, `FK_CLUB`, `FK_COUNTRY`) VALUES(156, '1984-11-03', 'Morissette', 8, 11);
INSERT INTO `player` (`ID`, `BIRTHDATE`, `NAME`, `FK_CLUB`, `FK_COUNTRY`) VALUES(157, '1978-04-16', 'Prosacco', 8, 11);
INSERT INTO `player` (`ID`, `BIRTHDATE`, `NAME`, `FK_CLUB`, `FK_COUNTRY`) VALUES(158, '1992-04-11', 'Kertzmann', 8, 11);
INSERT INTO `player` (`ID`, `BIRTHDATE`, `NAME`, `FK_CLUB`, `FK_COUNTRY`) VALUES(159, '1983-10-15', 'Flatley', 8, 16);
INSERT INTO `player` (`ID`, `BIRTHDATE`, `NAME`, `FK_CLUB`, `FK_COUNTRY`) VALUES(160, '1986-04-11', 'Crooks', 8, 11);
INSERT INTO `player` (`ID`, `BIRTHDATE`, `NAME`, `FK_CLUB`, `FK_COUNTRY`) VALUES(161, '1992-07-31', 'Langosh', 9, 19);
INSERT INTO `player` (`ID`, `BIRTHDATE`, `NAME`, `FK_CLUB`, `FK_COUNTRY`) VALUES(162, '1978-06-18', 'Ritchie', 9, 11);
INSERT INTO `player` (`ID`, `BIRTHDATE`, `NAME`, `FK_CLUB`, `FK_COUNTRY`) VALUES(163, '1977-05-18', 'Lang', 9, 11);
INSERT INTO `player` (`ID`, `BIRTHDATE`, `NAME`, `FK_CLUB`, `FK_COUNTRY`) VALUES(164, '1981-10-16', 'Koch', 9, 11);
INSERT INTO `player` (`ID`, `BIRTHDATE`, `NAME`, `FK_CLUB`, `FK_COUNTRY`) VALUES(165, '1994-04-02', 'Kilback', 9, 11);
INSERT INTO `player` (`ID`, `BIRTHDATE`, `NAME`, `FK_CLUB`, `FK_COUNTRY`) VALUES(166, '1981-08-18', 'Ullrich', 9, 11);
INSERT INTO `player` (`ID`, `BIRTHDATE`, `NAME`, `FK_CLUB`, `FK_COUNTRY`) VALUES(167, '1979-11-28', 'Macejkovic', 9, 11);
INSERT INTO `player` (`ID`, `BIRTHDATE`, `NAME`, `FK_CLUB`, `FK_COUNTRY`) VALUES(168, '2001-08-22', 'Botsford', 9, 11);
INSERT INTO `player` (`ID`, `BIRTHDATE`, `NAME`, `FK_CLUB`, `FK_COUNTRY`) VALUES(169, '2003-06-13', 'Harris', 9, 11);
INSERT INTO `player` (`ID`, `BIRTHDATE`, `NAME`, `FK_CLUB`, `FK_COUNTRY`) VALUES(170, '1982-11-01', 'Williamson', 9, 20);
INSERT INTO `player` (`ID`, `BIRTHDATE`, `NAME`, `FK_CLUB`, `FK_COUNTRY`) VALUES(171, '1979-09-03', 'Christiansen', 9, 11);
INSERT INTO `player` (`ID`, `BIRTHDATE`, `NAME`, `FK_CLUB`, `FK_COUNTRY`) VALUES(172, '1995-08-16', 'Dickinson', 9, 11);
INSERT INTO `player` (`ID`, `BIRTHDATE`, `NAME`, `FK_CLUB`, `FK_COUNTRY`) VALUES(173, '1985-05-22', 'Olson', 9, 11);
INSERT INTO `player` (`ID`, `BIRTHDATE`, `NAME`, `FK_CLUB`, `FK_COUNTRY`) VALUES(174, '1993-08-01', 'Grant', 9, 12);
INSERT INTO `player` (`ID`, `BIRTHDATE`, `NAME`, `FK_CLUB`, `FK_COUNTRY`) VALUES(175, '1984-09-02', 'Bradtke', 9, 11);
INSERT INTO `player` (`ID`, `BIRTHDATE`, `NAME`, `FK_CLUB`, `FK_COUNTRY`) VALUES(176, '2003-02-23', 'Ledner', 9, 11);
INSERT INTO `player` (`ID`, `BIRTHDATE`, `NAME`, `FK_CLUB`, `FK_COUNTRY`) VALUES(177, '1999-03-17', 'Howell', 9, 10);
INSERT INTO `player` (`ID`, `BIRTHDATE`, `NAME`, `FK_CLUB`, `FK_COUNTRY`) VALUES(178, '1978-05-24', 'Breitenberg', 9, 11);
INSERT INTO `player` (`ID`, `BIRTHDATE`, `NAME`, `FK_CLUB`, `FK_COUNTRY`) VALUES(179, '1982-03-03', 'Kiehn', 9, 9);
INSERT INTO `player` (`ID`, `BIRTHDATE`, `NAME`, `FK_CLUB`, `FK_COUNTRY`) VALUES(180, '1994-06-28', 'Howell', 9, 11);
INSERT INTO `player` (`ID`, `BIRTHDATE`, `NAME`, `FK_CLUB`, `FK_COUNTRY`) VALUES(181, '1987-12-12', 'Mills', 10, 11);
INSERT INTO `player` (`ID`, `BIRTHDATE`, `NAME`, `FK_CLUB`, `FK_COUNTRY`) VALUES(182, '1992-03-23', 'Mohr', 10, 11);
INSERT INTO `player` (`ID`, `BIRTHDATE`, `NAME`, `FK_CLUB`, `FK_COUNTRY`) VALUES(183, '1976-01-16', 'Flatley', 10, 9);
INSERT INTO `player` (`ID`, `BIRTHDATE`, `NAME`, `FK_CLUB`, `FK_COUNTRY`) VALUES(184, '1975-07-16', 'Mohr', 10, 11);
INSERT INTO `player` (`ID`, `BIRTHDATE`, `NAME`, `FK_CLUB`, `FK_COUNTRY`) VALUES(185, '1981-08-15', 'Jakubowski', 10, 11);
INSERT INTO `player` (`ID`, `BIRTHDATE`, `NAME`, `FK_CLUB`, `FK_COUNTRY`) VALUES(186, '1975-04-06', 'Nader', 10, 11);
INSERT INTO `player` (`ID`, `BIRTHDATE`, `NAME`, `FK_CLUB`, `FK_COUNTRY`) VALUES(187, '1995-12-30', 'Paucek', 10, 11);
INSERT INTO `player` (`ID`, `BIRTHDATE`, `NAME`, `FK_CLUB`, `FK_COUNTRY`) VALUES(188, '1991-01-10', 'Cummings', 10, 11);
INSERT INTO `player` (`ID`, `BIRTHDATE`, `NAME`, `FK_CLUB`, `FK_COUNTRY`) VALUES(189, '1984-01-16', 'Bosco', 10, 11);
INSERT INTO `player` (`ID`, `BIRTHDATE`, `NAME`, `FK_CLUB`, `FK_COUNTRY`) VALUES(190, '1987-11-24', 'Schumm', 10, 10);
INSERT INTO `player` (`ID`, `BIRTHDATE`, `NAME`, `FK_CLUB`, `FK_COUNTRY`) VALUES(191, '2000-11-25', 'Rice', 10, 11);
INSERT INTO `player` (`ID`, `BIRTHDATE`, `NAME`, `FK_CLUB`, `FK_COUNTRY`) VALUES(192, '1993-08-01', 'Labadie', 10, 11);
INSERT INTO `player` (`ID`, `BIRTHDATE`, `NAME`, `FK_CLUB`, `FK_COUNTRY`) VALUES(193, '1977-05-12', 'Schmitt', 10, 3);
INSERT INTO `player` (`ID`, `BIRTHDATE`, `NAME`, `FK_CLUB`, `FK_COUNTRY`) VALUES(194, '1982-12-26', 'Wilkinson', 10, 11);
INSERT INTO `player` (`ID`, `BIRTHDATE`, `NAME`, `FK_CLUB`, `FK_COUNTRY`) VALUES(195, '1989-05-29', 'Bartoletti', 10, 11);
INSERT INTO `player` (`ID`, `BIRTHDATE`, `NAME`, `FK_CLUB`, `FK_COUNTRY`) VALUES(196, '1999-10-27', 'White', 10, 11);
INSERT INTO `player` (`ID`, `BIRTHDATE`, `NAME`, `FK_CLUB`, `FK_COUNTRY`) VALUES(197, '1987-07-25', 'McClure', 10, 11);
INSERT INTO `player` (`ID`, `BIRTHDATE`, `NAME`, `FK_CLUB`, `FK_COUNTRY`) VALUES(198, '1994-06-02', 'Rowe', 10, 11);
INSERT INTO `player` (`ID`, `BIRTHDATE`, `NAME`, `FK_CLUB`, `FK_COUNTRY`) VALUES(199, '1987-11-23', 'Spinka', 10, 11);
INSERT INTO `player` (`ID`, `BIRTHDATE`, `NAME`, `FK_CLUB`, `FK_COUNTRY`) VALUES(200, '1975-03-23', 'Corwin', 10, 11);
INSERT INTO `player` (`ID`, `BIRTHDATE`, `NAME`, `FK_CLUB`, `FK_COUNTRY`) VALUES(201, '1996-10-04', 'Hudson', 11, 11);
INSERT INTO `player` (`ID`, `BIRTHDATE`, `NAME`, `FK_CLUB`, `FK_COUNTRY`) VALUES(202, '1988-09-10', 'Bergnaum', 11, 11);
INSERT INTO `player` (`ID`, `BIRTHDATE`, `NAME`, `FK_CLUB`, `FK_COUNTRY`) VALUES(203, '1995-06-22', 'Kuhic', 11, 11);
INSERT INTO `player` (`ID`, `BIRTHDATE`, `NAME`, `FK_CLUB`, `FK_COUNTRY`) VALUES(204, '1997-02-13', 'Prosacco', 11, 11);
INSERT INTO `player` (`ID`, `BIRTHDATE`, `NAME`, `FK_CLUB`, `FK_COUNTRY`) VALUES(205, '1982-11-09', 'Balistreri', 11, 20);
INSERT INTO `player` (`ID`, `BIRTHDATE`, `NAME`, `FK_CLUB`, `FK_COUNTRY`) VALUES(206, '1985-04-05', 'Robel', 11, 11);
INSERT INTO `player` (`ID`, `BIRTHDATE`, `NAME`, `FK_CLUB`, `FK_COUNTRY`) VALUES(207, '2000-07-21', 'O''Reilly', 11, 14);
INSERT INTO `player` (`ID`, `BIRTHDATE`, `NAME`, `FK_CLUB`, `FK_COUNTRY`) VALUES(208, '1991-04-16', 'Doyle', 11, 11);
INSERT INTO `player` (`ID`, `BIRTHDATE`, `NAME`, `FK_CLUB`, `FK_COUNTRY`) VALUES(209, '1975-04-12', 'Emmerich', 11, 11);
INSERT INTO `player` (`ID`, `BIRTHDATE`, `NAME`, `FK_CLUB`, `FK_COUNTRY`) VALUES(210, '1980-10-07', 'Altenwerth', 11, 11);
INSERT INTO `player` (`ID`, `BIRTHDATE`, `NAME`, `FK_CLUB`, `FK_COUNTRY`) VALUES(211, '1976-01-30', 'Schuster', 11, 16);
INSERT INTO `player` (`ID`, `BIRTHDATE`, `NAME`, `FK_CLUB`, `FK_COUNTRY`) VALUES(212, '1994-02-23', 'Collins', 11, 11);
INSERT INTO `player` (`ID`, `BIRTHDATE`, `NAME`, `FK_CLUB`, `FK_COUNTRY`) VALUES(213, '1981-12-11', 'Bosco', 11, 11);
INSERT INTO `player` (`ID`, `BIRTHDATE`, `NAME`, `FK_CLUB`, `FK_COUNTRY`) VALUES(214, '1982-08-04', 'Rodriguez', 11, 11);
INSERT INTO `player` (`ID`, `BIRTHDATE`, `NAME`, `FK_CLUB`, `FK_COUNTRY`) VALUES(215, '1993-08-15', 'Bartoletti', 11, 11);
INSERT INTO `player` (`ID`, `BIRTHDATE`, `NAME`, `FK_CLUB`, `FK_COUNTRY`) VALUES(216, '1990-08-14', 'Treutel', 11, 11);
INSERT INTO `player` (`ID`, `BIRTHDATE`, `NAME`, `FK_CLUB`, `FK_COUNTRY`) VALUES(217, '1999-07-12', 'Toy', 11, 11);
INSERT INTO `player` (`ID`, `BIRTHDATE`, `NAME`, `FK_CLUB`, `FK_COUNTRY`) VALUES(218, '1988-04-06', 'Lemke', 11, 11);
INSERT INTO `player` (`ID`, `BIRTHDATE`, `NAME`, `FK_CLUB`, `FK_COUNTRY`) VALUES(219, '1976-04-11', 'Johns', 11, 19);
INSERT INTO `player` (`ID`, `BIRTHDATE`, `NAME`, `FK_CLUB`, `FK_COUNTRY`) VALUES(220, '1995-06-24', 'Schowalter', 11, 11);
INSERT INTO `player` (`ID`, `BIRTHDATE`, `NAME`, `FK_CLUB`, `FK_COUNTRY`) VALUES(221, '1990-09-09', 'Gutkowski', 12, 11);
INSERT INTO `player` (`ID`, `BIRTHDATE`, `NAME`, `FK_CLUB`, `FK_COUNTRY`) VALUES(222, '1981-08-12', 'Keeling', 12, 11);
INSERT INTO `player` (`ID`, `BIRTHDATE`, `NAME`, `FK_CLUB`, `FK_COUNTRY`) VALUES(223, '1981-06-21', 'Krajcik', 12, 11);
INSERT INTO `player` (`ID`, `BIRTHDATE`, `NAME`, `FK_CLUB`, `FK_COUNTRY`) VALUES(224, '1982-04-14', 'Kessler', 12, 6);
INSERT INTO `player` (`ID`, `BIRTHDATE`, `NAME`, `FK_CLUB`, `FK_COUNTRY`) VALUES(225, '1987-06-01', 'Hirthe', 12, 11);
INSERT INTO `player` (`ID`, `BIRTHDATE`, `NAME`, `FK_CLUB`, `FK_COUNTRY`) VALUES(226, '1993-01-25', 'Spencer', 12, 11);
INSERT INTO `player` (`ID`, `BIRTHDATE`, `NAME`, `FK_CLUB`, `FK_COUNTRY`) VALUES(227, '1979-01-09', 'Durgan', 12, 11);
INSERT INTO `player` (`ID`, `BIRTHDATE`, `NAME`, `FK_CLUB`, `FK_COUNTRY`) VALUES(228, '1984-11-21', 'Von', 12, 9);
INSERT INTO `player` (`ID`, `BIRTHDATE`, `NAME`, `FK_CLUB`, `FK_COUNTRY`) VALUES(229, '1976-03-31', 'Graham', 12, 11);
INSERT INTO `player` (`ID`, `BIRTHDATE`, `NAME`, `FK_CLUB`, `FK_COUNTRY`) VALUES(230, '1989-07-15', 'Schumm', 12, 11);
INSERT INTO `player` (`ID`, `BIRTHDATE`, `NAME`, `FK_CLUB`, `FK_COUNTRY`) VALUES(231, '2002-08-12', 'Sipes', 12, 11);
INSERT INTO `player` (`ID`, `BIRTHDATE`, `NAME`, `FK_CLUB`, `FK_COUNTRY`) VALUES(232, '1991-04-16', 'Goldner', 12, 16);
INSERT INTO `player` (`ID`, `BIRTHDATE`, `NAME`, `FK_CLUB`, `FK_COUNTRY`) VALUES(233, '1986-10-16', 'Gerlach', 12, 11);
INSERT INTO `player` (`ID`, `BIRTHDATE`, `NAME`, `FK_CLUB`, `FK_COUNTRY`) VALUES(234, '1992-12-13', 'West', 12, 11);
INSERT INTO `player` (`ID`, `BIRTHDATE`, `NAME`, `FK_CLUB`, `FK_COUNTRY`) VALUES(235, '1989-01-14', 'Nolan', 12, 11);
INSERT INTO `player` (`ID`, `BIRTHDATE`, `NAME`, `FK_CLUB`, `FK_COUNTRY`) VALUES(236, '1982-05-21', 'Schulist', 12, 11);
INSERT INTO `player` (`ID`, `BIRTHDATE`, `NAME`, `FK_CLUB`, `FK_COUNTRY`) VALUES(237, '1975-11-30', 'Casper', 12, 11);
INSERT INTO `player` (`ID`, `BIRTHDATE`, `NAME`, `FK_CLUB`, `FK_COUNTRY`) VALUES(238, '1990-06-18', 'Stoltenberg', 12, 11);
INSERT INTO `player` (`ID`, `BIRTHDATE`, `NAME`, `FK_CLUB`, `FK_COUNTRY`) VALUES(239, '1982-01-29', 'Dietrich', 12, 11);
INSERT INTO `player` (`ID`, `BIRTHDATE`, `NAME`, `FK_CLUB`, `FK_COUNTRY`) VALUES(240, '1998-03-05', 'Lind', 12, 11);
INSERT INTO `player` (`ID`, `BIRTHDATE`, `NAME`, `FK_CLUB`, `FK_COUNTRY`) VALUES(241, '2002-10-03', 'Dickinson', 13, 11);
INSERT INTO `player` (`ID`, `BIRTHDATE`, `NAME`, `FK_CLUB`, `FK_COUNTRY`) VALUES(242, '2002-02-26', 'Graham', 13, 11);
INSERT INTO `player` (`ID`, `BIRTHDATE`, `NAME`, `FK_CLUB`, `FK_COUNTRY`) VALUES(243, '1983-06-26', 'Mills', 13, 11);
INSERT INTO `player` (`ID`, `BIRTHDATE`, `NAME`, `FK_CLUB`, `FK_COUNTRY`) VALUES(244, '1992-02-22', 'O''Conner', 13, 11);
INSERT INTO `player` (`ID`, `BIRTHDATE`, `NAME`, `FK_CLUB`, `FK_COUNTRY`) VALUES(245, '1997-04-13', 'Howell', 13, 11);
INSERT INTO `player` (`ID`, `BIRTHDATE`, `NAME`, `FK_CLUB`, `FK_COUNTRY`) VALUES(246, '1992-03-30', 'Harvey', 13, 13);
INSERT INTO `player` (`ID`, `BIRTHDATE`, `NAME`, `FK_CLUB`, `FK_COUNTRY`) VALUES(247, '1997-09-25', 'Bogan', 13, 11);
INSERT INTO `player` (`ID`, `BIRTHDATE`, `NAME`, `FK_CLUB`, `FK_COUNTRY`) VALUES(248, '1995-09-16', 'Johnson', 13, 11);
INSERT INTO `player` (`ID`, `BIRTHDATE`, `NAME`, `FK_CLUB`, `FK_COUNTRY`) VALUES(249, '1993-06-27', 'Purdy', 13, 11);
INSERT INTO `player` (`ID`, `BIRTHDATE`, `NAME`, `FK_CLUB`, `FK_COUNTRY`) VALUES(250, '1999-10-19', 'Williamson', 13, 5);
INSERT INTO `player` (`ID`, `BIRTHDATE`, `NAME`, `FK_CLUB`, `FK_COUNTRY`) VALUES(251, '1988-07-04', 'Douglas', 13, 20);
INSERT INTO `player` (`ID`, `BIRTHDATE`, `NAME`, `FK_CLUB`, `FK_COUNTRY`) VALUES(252, '1982-08-05', 'Larson', 13, 5);
INSERT INTO `player` (`ID`, `BIRTHDATE`, `NAME`, `FK_CLUB`, `FK_COUNTRY`) VALUES(253, '1990-09-05', 'Weber', 13, 9);
INSERT INTO `player` (`ID`, `BIRTHDATE`, `NAME`, `FK_CLUB`, `FK_COUNTRY`) VALUES(254, '1979-02-16', 'Feest', 13, 11);
INSERT INTO `player` (`ID`, `BIRTHDATE`, `NAME`, `FK_CLUB`, `FK_COUNTRY`) VALUES(255, '1983-02-28', 'Glover', 13, 11);
INSERT INTO `player` (`ID`, `BIRTHDATE`, `NAME`, `FK_CLUB`, `FK_COUNTRY`) VALUES(256, '1975-03-29', 'Kuvalis', 13, 11);
INSERT INTO `player` (`ID`, `BIRTHDATE`, `NAME`, `FK_CLUB`, `FK_COUNTRY`) VALUES(257, '2003-05-19', 'Kiehn', 13, 5);
INSERT INTO `player` (`ID`, `BIRTHDATE`, `NAME`, `FK_CLUB`, `FK_COUNTRY`) VALUES(258, '2000-08-19', 'Carroll', 13, 23);
INSERT INTO `player` (`ID`, `BIRTHDATE`, `NAME`, `FK_CLUB`, `FK_COUNTRY`) VALUES(259, '2001-09-02', 'Kling', 13, 11);
INSERT INTO `player` (`ID`, `BIRTHDATE`, `NAME`, `FK_CLUB`, `FK_COUNTRY`) VALUES(260, '1979-11-27', 'Schumm', 13, 11);
INSERT INTO `player` (`ID`, `BIRTHDATE`, `NAME`, `FK_CLUB`, `FK_COUNTRY`) VALUES(261, '1984-01-25', 'Walsh', 14, 7);
INSERT INTO `player` (`ID`, `BIRTHDATE`, `NAME`, `FK_CLUB`, `FK_COUNTRY`) VALUES(262, '2002-06-09', 'Huels', 14, 7);
INSERT INTO `player` (`ID`, `BIRTHDATE`, `NAME`, `FK_CLUB`, `FK_COUNTRY`) VALUES(263, '1995-05-06', 'Hills', 14, 7);
INSERT INTO `player` (`ID`, `BIRTHDATE`, `NAME`, `FK_CLUB`, `FK_COUNTRY`) VALUES(264, '1981-08-20', 'Ziemann', 14, 7);
INSERT INTO `player` (`ID`, `BIRTHDATE`, `NAME`, `FK_CLUB`, `FK_COUNTRY`) VALUES(265, '1981-07-25', 'Ratke', 14, 7);
INSERT INTO `player` (`ID`, `BIRTHDATE`, `NAME`, `FK_CLUB`, `FK_COUNTRY`) VALUES(266, '2002-11-29', 'Fahey', 14, 7);
INSERT INTO `player` (`ID`, `BIRTHDATE`, `NAME`, `FK_CLUB`, `FK_COUNTRY`) VALUES(267, '2003-01-14', 'Hackett', 14, 7);
INSERT INTO `player` (`ID`, `BIRTHDATE`, `NAME`, `FK_CLUB`, `FK_COUNTRY`) VALUES(268, '1982-03-14', 'Schiller', 14, 7);
INSERT INTO `player` (`ID`, `BIRTHDATE`, `NAME`, `FK_CLUB`, `FK_COUNTRY`) VALUES(269, '1983-11-08', 'Kihn', 14, 7);
INSERT INTO `player` (`ID`, `BIRTHDATE`, `NAME`, `FK_CLUB`, `FK_COUNTRY`) VALUES(270, '2003-06-17', 'Rogahn', 14, 7);
INSERT INTO `player` (`ID`, `BIRTHDATE`, `NAME`, `FK_CLUB`, `FK_COUNTRY`) VALUES(271, '1982-02-04', 'Kuvalis', 14, 7);
INSERT INTO `player` (`ID`, `BIRTHDATE`, `NAME`, `FK_CLUB`, `FK_COUNTRY`) VALUES(272, '2001-06-11', 'Wisozk', 14, 7);
INSERT INTO `player` (`ID`, `BIRTHDATE`, `NAME`, `FK_CLUB`, `FK_COUNTRY`) VALUES(273, '1981-04-18', 'Nienow', 14, 7);
INSERT INTO `player` (`ID`, `BIRTHDATE`, `NAME`, `FK_CLUB`, `FK_COUNTRY`) VALUES(274, '1982-10-11', 'Funk', 14, 19);
INSERT INTO `player` (`ID`, `BIRTHDATE`, `NAME`, `FK_CLUB`, `FK_COUNTRY`) VALUES(275, '1981-10-16', 'Satterfield', 14, 23);
INSERT INTO `player` (`ID`, `BIRTHDATE`, `NAME`, `FK_CLUB`, `FK_COUNTRY`) VALUES(276, '1981-11-13', 'Cremin', 14, 7);
INSERT INTO `player` (`ID`, `BIRTHDATE`, `NAME`, `FK_CLUB`, `FK_COUNTRY`) VALUES(277, '2000-03-30', 'Boehm', 14, 7);
INSERT INTO `player` (`ID`, `BIRTHDATE`, `NAME`, `FK_CLUB`, `FK_COUNTRY`) VALUES(278, '1985-02-02', 'Fahey', 14, 7);
INSERT INTO `player` (`ID`, `BIRTHDATE`, `NAME`, `FK_CLUB`, `FK_COUNTRY`) VALUES(279, '1983-05-08', 'Armstrong', 14, 7);
INSERT INTO `player` (`ID`, `BIRTHDATE`, `NAME`, `FK_CLUB`, `FK_COUNTRY`) VALUES(280, '1980-08-12', 'Ferry', 14, 7);
INSERT INTO `player` (`ID`, `BIRTHDATE`, `NAME`, `FK_CLUB`, `FK_COUNTRY`) VALUES(281, '1979-09-25', 'Lebsack', 15, 7);
INSERT INTO `player` (`ID`, `BIRTHDATE`, `NAME`, `FK_CLUB`, `FK_COUNTRY`) VALUES(282, '1991-10-20', 'Wehner', 15, 9);
INSERT INTO `player` (`ID`, `BIRTHDATE`, `NAME`, `FK_CLUB`, `FK_COUNTRY`) VALUES(283, '2003-10-16', 'Simonis', 15, 7);
INSERT INTO `player` (`ID`, `BIRTHDATE`, `NAME`, `FK_CLUB`, `FK_COUNTRY`) VALUES(284, '1999-06-14', 'Funk', 15, 7);
INSERT INTO `player` (`ID`, `BIRTHDATE`, `NAME`, `FK_CLUB`, `FK_COUNTRY`) VALUES(285, '1979-01-01', 'Johnson', 15, 7);
INSERT INTO `player` (`ID`, `BIRTHDATE`, `NAME`, `FK_CLUB`, `FK_COUNTRY`) VALUES(286, '1988-07-03', 'Reinger', 15, 7);
INSERT INTO `player` (`ID`, `BIRTHDATE`, `NAME`, `FK_CLUB`, `FK_COUNTRY`) VALUES(287, '1986-02-23', 'Hahn', 15, 7);
INSERT INTO `player` (`ID`, `BIRTHDATE`, `NAME`, `FK_CLUB`, `FK_COUNTRY`) VALUES(288, '2002-11-06', 'Gulgowski', 15, 20);
INSERT INTO `player` (`ID`, `BIRTHDATE`, `NAME`, `FK_CLUB`, `FK_COUNTRY`) VALUES(289, '2003-08-18', 'Zemlak', 15, 7);
INSERT INTO `player` (`ID`, `BIRTHDATE`, `NAME`, `FK_CLUB`, `FK_COUNTRY`) VALUES(290, '1993-06-16', 'Ratke', 15, 7);
INSERT INTO `player` (`ID`, `BIRTHDATE`, `NAME`, `FK_CLUB`, `FK_COUNTRY`) VALUES(291, '1983-02-09', 'Weissnat', 15, 7);
INSERT INTO `player` (`ID`, `BIRTHDATE`, `NAME`, `FK_CLUB`, `FK_COUNTRY`) VALUES(292, '1999-05-04', 'Paucek', 15, 7);
INSERT INTO `player` (`ID`, `BIRTHDATE`, `NAME`, `FK_CLUB`, `FK_COUNTRY`) VALUES(293, '2000-02-21', 'Wilkinson', 15, 7);
INSERT INTO `player` (`ID`, `BIRTHDATE`, `NAME`, `FK_CLUB`, `FK_COUNTRY`) VALUES(294, '1984-12-27', 'Thompson', 15, 7);
INSERT INTO `player` (`ID`, `BIRTHDATE`, `NAME`, `FK_CLUB`, `FK_COUNTRY`) VALUES(295, '1994-03-12', 'Corwin', 15, 24);
INSERT INTO `player` (`ID`, `BIRTHDATE`, `NAME`, `FK_CLUB`, `FK_COUNTRY`) VALUES(296, '1990-11-25', 'Price', 15, 7);
INSERT INTO `player` (`ID`, `BIRTHDATE`, `NAME`, `FK_CLUB`, `FK_COUNTRY`) VALUES(297, '1975-04-24', 'Homenick', 15, 7);
INSERT INTO `player` (`ID`, `BIRTHDATE`, `NAME`, `FK_CLUB`, `FK_COUNTRY`) VALUES(298, '1975-09-18', 'Raynor', 15, 7);
INSERT INTO `player` (`ID`, `BIRTHDATE`, `NAME`, `FK_CLUB`, `FK_COUNTRY`) VALUES(299, '1978-03-30', 'Johns', 15, 13);
INSERT INTO `player` (`ID`, `BIRTHDATE`, `NAME`, `FK_CLUB`, `FK_COUNTRY`) VALUES(300, '1994-02-18', 'McLaughlin', 15, 7);
INSERT INTO `player` (`ID`, `BIRTHDATE`, `NAME`, `FK_CLUB`, `FK_COUNTRY`) VALUES(301, '1987-06-02', 'Zulauf', 16, 13);
INSERT INTO `player` (`ID`, `BIRTHDATE`, `NAME`, `FK_CLUB`, `FK_COUNTRY`) VALUES(302, '1986-02-19', 'Heidenreich', 16, 13);
INSERT INTO `player` (`ID`, `BIRTHDATE`, `NAME`, `FK_CLUB`, `FK_COUNTRY`) VALUES(303, '2003-03-01', 'Leuschke', 16, 13);
INSERT INTO `player` (`ID`, `BIRTHDATE`, `NAME`, `FK_CLUB`, `FK_COUNTRY`) VALUES(304, '1987-09-21', 'Corkery', 16, 13);
INSERT INTO `player` (`ID`, `BIRTHDATE`, `NAME`, `FK_CLUB`, `FK_COUNTRY`) VALUES(305, '1979-06-15', 'Breitenberg', 16, 13);
INSERT INTO `player` (`ID`, `BIRTHDATE`, `NAME`, `FK_CLUB`, `FK_COUNTRY`) VALUES(306, '1992-08-24', 'Dare', 16, 13);
INSERT INTO `player` (`ID`, `BIRTHDATE`, `NAME`, `FK_CLUB`, `FK_COUNTRY`) VALUES(307, '1975-12-11', 'Prosacco', 16, 13);
INSERT INTO `player` (`ID`, `BIRTHDATE`, `NAME`, `FK_CLUB`, `FK_COUNTRY`) VALUES(308, '2003-04-10', 'Cremin', 16, 13);
INSERT INTO `player` (`ID`, `BIRTHDATE`, `NAME`, `FK_CLUB`, `FK_COUNTRY`) VALUES(309, '1994-06-12', 'Luettgen', 16, 13);
INSERT INTO `player` (`ID`, `BIRTHDATE`, `NAME`, `FK_CLUB`, `FK_COUNTRY`) VALUES(310, '1984-04-09', 'King', 16, 13);
INSERT INTO `player` (`ID`, `BIRTHDATE`, `NAME`, `FK_CLUB`, `FK_COUNTRY`) VALUES(311, '1977-10-21', 'Rutherford', 16, 5);
INSERT INTO `player` (`ID`, `BIRTHDATE`, `NAME`, `FK_CLUB`, `FK_COUNTRY`) VALUES(312, '1993-11-04', 'Schiller', 16, 13);
INSERT INTO `player` (`ID`, `BIRTHDATE`, `NAME`, `FK_CLUB`, `FK_COUNTRY`) VALUES(313, '1981-11-12', 'Hamill', 16, 13);
INSERT INTO `player` (`ID`, `BIRTHDATE`, `NAME`, `FK_CLUB`, `FK_COUNTRY`) VALUES(314, '1997-03-05', 'Rodriguez', 16, 13);
INSERT INTO `player` (`ID`, `BIRTHDATE`, `NAME`, `FK_CLUB`, `FK_COUNTRY`) VALUES(315, '1990-07-21', 'Fay', 16, 13);
INSERT INTO `player` (`ID`, `BIRTHDATE`, `NAME`, `FK_CLUB`, `FK_COUNTRY`) VALUES(316, '1992-06-19', 'Heidenreich', 16, 15);
INSERT INTO `player` (`ID`, `BIRTHDATE`, `NAME`, `FK_CLUB`, `FK_COUNTRY`) VALUES(317, '1995-12-22', 'Keeling', 16, 13);
INSERT INTO `player` (`ID`, `BIRTHDATE`, `NAME`, `FK_CLUB`, `FK_COUNTRY`) VALUES(318, '1980-02-09', 'Rosenbaum', 16, 13);
INSERT INTO `player` (`ID`, `BIRTHDATE`, `NAME`, `FK_CLUB`, `FK_COUNTRY`) VALUES(319, '1991-08-17', 'Conn', 16, 13);
INSERT INTO `player` (`ID`, `BIRTHDATE`, `NAME`, `FK_CLUB`, `FK_COUNTRY`) VALUES(320, '1980-10-19', 'Becker', 16, 13);
INSERT INTO `player` (`ID`, `BIRTHDATE`, `NAME`, `FK_CLUB`, `FK_COUNTRY`) VALUES(321, '2001-10-16', 'Cummings', 17, 13);
INSERT INTO `player` (`ID`, `BIRTHDATE`, `NAME`, `FK_CLUB`, `FK_COUNTRY`) VALUES(322, '1994-08-27', 'Roberts', 17, 13);
INSERT INTO `player` (`ID`, `BIRTHDATE`, `NAME`, `FK_CLUB`, `FK_COUNTRY`) VALUES(323, '1987-12-13', 'Frami', 17, 13);
INSERT INTO `player` (`ID`, `BIRTHDATE`, `NAME`, `FK_CLUB`, `FK_COUNTRY`) VALUES(324, '2003-03-10', 'McClure', 17, 20);
INSERT INTO `player` (`ID`, `BIRTHDATE`, `NAME`, `FK_CLUB`, `FK_COUNTRY`) VALUES(325, '2000-01-13', 'Rice', 17, 19);
INSERT INTO `player` (`ID`, `BIRTHDATE`, `NAME`, `FK_CLUB`, `FK_COUNTRY`) VALUES(326, '1993-05-06', 'Wintheiser', 17, 13);
INSERT INTO `player` (`ID`, `BIRTHDATE`, `NAME`, `FK_CLUB`, `FK_COUNTRY`) VALUES(327, '1999-01-18', 'Schamberger', 17, 13);
INSERT INTO `player` (`ID`, `BIRTHDATE`, `NAME`, `FK_CLUB`, `FK_COUNTRY`) VALUES(328, '1990-02-03', 'Torp', 17, 13);
INSERT INTO `player` (`ID`, `BIRTHDATE`, `NAME`, `FK_CLUB`, `FK_COUNTRY`) VALUES(329, '1977-10-27', 'Schmidt', 17, 13);
INSERT INTO `player` (`ID`, `BIRTHDATE`, `NAME`, `FK_CLUB`, `FK_COUNTRY`) VALUES(330, '1988-10-02', 'Sporer', 17, 13);
INSERT INTO `player` (`ID`, `BIRTHDATE`, `NAME`, `FK_CLUB`, `FK_COUNTRY`) VALUES(331, '1984-06-16', 'McKenzie', 17, 13);
INSERT INTO `player` (`ID`, `BIRTHDATE`, `NAME`, `FK_CLUB`, `FK_COUNTRY`) VALUES(332, '1985-07-16', 'Pacocha', 17, 11);
INSERT INTO `player` (`ID`, `BIRTHDATE`, `NAME`, `FK_CLUB`, `FK_COUNTRY`) VALUES(333, '2000-10-05', 'Stiedemann', 17, 13);
INSERT INTO `player` (`ID`, `BIRTHDATE`, `NAME`, `FK_CLUB`, `FK_COUNTRY`) VALUES(334, '2002-06-08', 'Watsica', 17, 13);
INSERT INTO `player` (`ID`, `BIRTHDATE`, `NAME`, `FK_CLUB`, `FK_COUNTRY`) VALUES(335, '1992-08-03', 'Kerluke', 17, 13);
INSERT INTO `player` (`ID`, `BIRTHDATE`, `NAME`, `FK_CLUB`, `FK_COUNTRY`) VALUES(336, '1977-11-08', 'Stoltenberg', 17, 13);
INSERT INTO `player` (`ID`, `BIRTHDATE`, `NAME`, `FK_CLUB`, `FK_COUNTRY`) VALUES(337, '1999-02-01', 'Thiel', 17, 13);
INSERT INTO `player` (`ID`, `BIRTHDATE`, `NAME`, `FK_CLUB`, `FK_COUNTRY`) VALUES(338, '1993-10-28', 'Mertz', 17, 6);
INSERT INTO `player` (`ID`, `BIRTHDATE`, `NAME`, `FK_CLUB`, `FK_COUNTRY`) VALUES(339, '1975-11-17', 'Hilll', 17, 13);
INSERT INTO `player` (`ID`, `BIRTHDATE`, `NAME`, `FK_CLUB`, `FK_COUNTRY`) VALUES(340, '1998-01-17', 'Cruickshank', 17, 17);
INSERT INTO `player` (`ID`, `BIRTHDATE`, `NAME`, `FK_CLUB`, `FK_COUNTRY`) VALUES(341, '1979-12-09', 'Feeney', 18, 8);
INSERT INTO `player` (`ID`, `BIRTHDATE`, `NAME`, `FK_CLUB`, `FK_COUNTRY`) VALUES(342, '1988-12-21', 'Blick', 18, 13);
INSERT INTO `player` (`ID`, `BIRTHDATE`, `NAME`, `FK_CLUB`, `FK_COUNTRY`) VALUES(343, '2001-11-23', 'Vandervort', 18, 13);
INSERT INTO `player` (`ID`, `BIRTHDATE`, `NAME`, `FK_CLUB`, `FK_COUNTRY`) VALUES(344, '1980-11-12', 'Labadie', 18, 15);
INSERT INTO `player` (`ID`, `BIRTHDATE`, `NAME`, `FK_CLUB`, `FK_COUNTRY`) VALUES(345, '1977-05-09', 'Rohan', 18, 13);
INSERT INTO `player` (`ID`, `BIRTHDATE`, `NAME`, `FK_CLUB`, `FK_COUNTRY`) VALUES(346, '1995-06-27', 'Ernser', 18, 9);
INSERT INTO `player` (`ID`, `BIRTHDATE`, `NAME`, `FK_CLUB`, `FK_COUNTRY`) VALUES(347, '1976-02-09', 'McClure', 18, 13);
INSERT INTO `player` (`ID`, `BIRTHDATE`, `NAME`, `FK_CLUB`, `FK_COUNTRY`) VALUES(348, '1993-07-15', 'Bednar', 18, 13);
INSERT INTO `player` (`ID`, `BIRTHDATE`, `NAME`, `FK_CLUB`, `FK_COUNTRY`) VALUES(349, '2003-09-15', 'Hartmann', 18, 13);
INSERT INTO `player` (`ID`, `BIRTHDATE`, `NAME`, `FK_CLUB`, `FK_COUNTRY`) VALUES(350, '1980-07-18', 'Konopelski', 18, 13);
INSERT INTO `player` (`ID`, `BIRTHDATE`, `NAME`, `FK_CLUB`, `FK_COUNTRY`) VALUES(351, '1997-09-25', 'Hoppe', 18, 13);
INSERT INTO `player` (`ID`, `BIRTHDATE`, `NAME`, `FK_CLUB`, `FK_COUNTRY`) VALUES(352, '1979-01-04', 'Wolf', 18, 13);
INSERT INTO `player` (`ID`, `BIRTHDATE`, `NAME`, `FK_CLUB`, `FK_COUNTRY`) VALUES(353, '1997-12-15', 'Leannon', 18, 13);
INSERT INTO `player` (`ID`, `BIRTHDATE`, `NAME`, `FK_CLUB`, `FK_COUNTRY`) VALUES(354, '1989-08-10', 'Maggio', 18, 13);
INSERT INTO `player` (`ID`, `BIRTHDATE`, `NAME`, `FK_CLUB`, `FK_COUNTRY`) VALUES(355, '1986-03-13', 'Ferry', 18, 13);
INSERT INTO `player` (`ID`, `BIRTHDATE`, `NAME`, `FK_CLUB`, `FK_COUNTRY`) VALUES(356, '1976-09-12', 'Fritsch', 18, 13);
INSERT INTO `player` (`ID`, `BIRTHDATE`, `NAME`, `FK_CLUB`, `FK_COUNTRY`) VALUES(357, '1989-02-04', 'Ward', 18, 13);
INSERT INTO `player` (`ID`, `BIRTHDATE`, `NAME`, `FK_CLUB`, `FK_COUNTRY`) VALUES(358, '2000-06-07', 'Klocko', 18, 13);
INSERT INTO `player` (`ID`, `BIRTHDATE`, `NAME`, `FK_CLUB`, `FK_COUNTRY`) VALUES(359, '1995-10-10', 'Mann', 18, 13);
INSERT INTO `player` (`ID`, `BIRTHDATE`, `NAME`, `FK_CLUB`, `FK_COUNTRY`) VALUES(360, '1987-02-27', 'Cruickshank', 18, 13);
INSERT INTO `player` (`ID`, `BIRTHDATE`, `NAME`, `FK_CLUB`, `FK_COUNTRY`) VALUES(361, '2001-04-17', 'O''Hara', 19, 20);
INSERT INTO `player` (`ID`, `BIRTHDATE`, `NAME`, `FK_CLUB`, `FK_COUNTRY`) VALUES(362, '2000-02-18', 'Quigley', 19, 2);
INSERT INTO `player` (`ID`, `BIRTHDATE`, `NAME`, `FK_CLUB`, `FK_COUNTRY`) VALUES(363, '1988-03-09', 'Abshire', 19, 20);
INSERT INTO `player` (`ID`, `BIRTHDATE`, `NAME`, `FK_CLUB`, `FK_COUNTRY`) VALUES(364, '1990-09-01', 'Carroll', 19, 20);
INSERT INTO `player` (`ID`, `BIRTHDATE`, `NAME`, `FK_CLUB`, `FK_COUNTRY`) VALUES(365, '1984-08-08', 'Brown', 19, 20);
INSERT INTO `player` (`ID`, `BIRTHDATE`, `NAME`, `FK_CLUB`, `FK_COUNTRY`) VALUES(366, '1998-07-25', 'Mraz', 19, 20);
INSERT INTO `player` (`ID`, `BIRTHDATE`, `NAME`, `FK_CLUB`, `FK_COUNTRY`) VALUES(367, '2000-02-12', 'Klocko', 19, 20);
INSERT INTO `player` (`ID`, `BIRTHDATE`, `NAME`, `FK_CLUB`, `FK_COUNTRY`) VALUES(368, '1975-08-29', 'Grady', 19, 20);
INSERT INTO `player` (`ID`, `BIRTHDATE`, `NAME`, `FK_CLUB`, `FK_COUNTRY`) VALUES(369, '1977-10-05', 'Barrows', 19, 20);
INSERT INTO `player` (`ID`, `BIRTHDATE`, `NAME`, `FK_CLUB`, `FK_COUNTRY`) VALUES(370, '1994-01-13', 'Bogan', 19, 20);
INSERT INTO `player` (`ID`, `BIRTHDATE`, `NAME`, `FK_CLUB`, `FK_COUNTRY`) VALUES(371, '1977-03-13', 'Lemke', 19, 8);
INSERT INTO `player` (`ID`, `BIRTHDATE`, `NAME`, `FK_CLUB`, `FK_COUNTRY`) VALUES(372, '1981-07-17', 'Casper', 19, 20);
INSERT INTO `player` (`ID`, `BIRTHDATE`, `NAME`, `FK_CLUB`, `FK_COUNTRY`) VALUES(373, '1983-10-16', 'O''Connell', 19, 20);
INSERT INTO `player` (`ID`, `BIRTHDATE`, `NAME`, `FK_CLUB`, `FK_COUNTRY`) VALUES(374, '2003-09-11', 'Wiza', 19, 20);
INSERT INTO `player` (`ID`, `BIRTHDATE`, `NAME`, `FK_CLUB`, `FK_COUNTRY`) VALUES(375, '1994-04-13', 'Steuber', 19, 20);
INSERT INTO `player` (`ID`, `BIRTHDATE`, `NAME`, `FK_CLUB`, `FK_COUNTRY`) VALUES(376, '1983-07-26', 'Dickens', 19, 11);
INSERT INTO `player` (`ID`, `BIRTHDATE`, `NAME`, `FK_CLUB`, `FK_COUNTRY`) VALUES(377, '1990-08-21', 'Haag', 19, 20);
INSERT INTO `player` (`ID`, `BIRTHDATE`, `NAME`, `FK_CLUB`, `FK_COUNTRY`) VALUES(378, '1994-05-18', 'Walker', 19, 20);
INSERT INTO `player` (`ID`, `BIRTHDATE`, `NAME`, `FK_CLUB`, `FK_COUNTRY`) VALUES(379, '2000-12-04', 'Barrows', 19, 24);
INSERT INTO `player` (`ID`, `BIRTHDATE`, `NAME`, `FK_CLUB`, `FK_COUNTRY`) VALUES(380, '1987-03-02', 'Medhurst', 19, 17);
INSERT INTO `player` (`ID`, `BIRTHDATE`, `NAME`, `FK_CLUB`, `FK_COUNTRY`) VALUES(381, '1996-01-05', 'Abbott', 20, 20);
INSERT INTO `player` (`ID`, `BIRTHDATE`, `NAME`, `FK_CLUB`, `FK_COUNTRY`) VALUES(382, '1980-04-20', 'Nicolas', 20, 19);
INSERT INTO `player` (`ID`, `BIRTHDATE`, `NAME`, `FK_CLUB`, `FK_COUNTRY`) VALUES(383, '1982-08-09', 'Dooley', 20, 14);
INSERT INTO `player` (`ID`, `BIRTHDATE`, `NAME`, `FK_CLUB`, `FK_COUNTRY`) VALUES(384, '1983-11-24', 'Hane', 20, 3);
INSERT INTO `player` (`ID`, `BIRTHDATE`, `NAME`, `FK_CLUB`, `FK_COUNTRY`) VALUES(385, '2003-05-21', 'Kessler', 20, 10);
INSERT INTO `player` (`ID`, `BIRTHDATE`, `NAME`, `FK_CLUB`, `FK_COUNTRY`) VALUES(386, '1990-12-24', 'Boyle', 20, 4);
INSERT INTO `player` (`ID`, `BIRTHDATE`, `NAME`, `FK_CLUB`, `FK_COUNTRY`) VALUES(387, '1992-11-09', 'Prohaska', 20, 20);
INSERT INTO `player` (`ID`, `BIRTHDATE`, `NAME`, `FK_CLUB`, `FK_COUNTRY`) VALUES(388, '1992-10-09', 'Larkin', 20, 12);
INSERT INTO `player` (`ID`, `BIRTHDATE`, `NAME`, `FK_CLUB`, `FK_COUNTRY`) VALUES(389, '1988-07-14', 'Durgan', 20, 20);
INSERT INTO `player` (`ID`, `BIRTHDATE`, `NAME`, `FK_CLUB`, `FK_COUNTRY`) VALUES(390, '1975-09-30', 'Farrell', 20, 20);
INSERT INTO `player` (`ID`, `BIRTHDATE`, `NAME`, `FK_CLUB`, `FK_COUNTRY`) VALUES(391, '1986-03-25', 'Lowe', 20, 16);
INSERT INTO `player` (`ID`, `BIRTHDATE`, `NAME`, `FK_CLUB`, `FK_COUNTRY`) VALUES(392, '1982-09-28', 'Goyette', 20, 12);
INSERT INTO `player` (`ID`, `BIRTHDATE`, `NAME`, `FK_CLUB`, `FK_COUNTRY`) VALUES(393, '1982-03-19', 'Rempel', 20, 13);
INSERT INTO `player` (`ID`, `BIRTHDATE`, `NAME`, `FK_CLUB`, `FK_COUNTRY`) VALUES(394, '1987-07-09', 'Bailey', 20, 20);
INSERT INTO `player` (`ID`, `BIRTHDATE`, `NAME`, `FK_CLUB`, `FK_COUNTRY`) VALUES(395, '1999-05-04', 'Lemke', 20, 20);
INSERT INTO `player` (`ID`, `BIRTHDATE`, `NAME`, `FK_CLUB`, `FK_COUNTRY`) VALUES(396, '1989-04-30', 'Senger', 20, 20);
INSERT INTO `player` (`ID`, `BIRTHDATE`, `NAME`, `FK_CLUB`, `FK_COUNTRY`) VALUES(397, '1979-08-28', 'Funk', 20, 20);
INSERT INTO `player` (`ID`, `BIRTHDATE`, `NAME`, `FK_CLUB`, `FK_COUNTRY`) VALUES(398, '1981-12-15', 'Lind', 20, 8);
INSERT INTO `player` (`ID`, `BIRTHDATE`, `NAME`, `FK_CLUB`, `FK_COUNTRY`) VALUES(399, '1998-11-30', 'Champlin', 20, 20);
INSERT INTO `player` (`ID`, `BIRTHDATE`, `NAME`, `FK_CLUB`, `FK_COUNTRY`) VALUES(400, '1977-05-22', 'Hane', 20, 20);
